-- MySQL dump 10.13  Distrib 8.0.12, for Win64 (x86_64)
--
-- Host: localhost    Database: nflplayoffspool
-- ------------------------------------------------------
-- Server version	8.0.12

/*!40101 SET @OLD_CHARACTER_SET_CLIENT=@@CHARACTER_SET_CLIENT */;
/*!40101 SET @OLD_CHARACTER_SET_RESULTS=@@CHARACTER_SET_RESULTS */;
/*!40101 SET @OLD_COLLATION_CONNECTION=@@COLLATION_CONNECTION */;
 SET NAMES utf8mb4 ;
/*!40103 SET @OLD_TIME_ZONE=@@TIME_ZONE */;
/*!40103 SET TIME_ZONE='+00:00' */;
/*!40014 SET @OLD_UNIQUE_CHECKS=@@UNIQUE_CHECKS, UNIQUE_CHECKS=0 */;
/*!40014 SET @OLD_FOREIGN_KEY_CHECKS=@@FOREIGN_KEY_CHECKS, FOREIGN_KEY_CHECKS=0 */;
/*!40101 SET @OLD_SQL_MODE=@@SQL_MODE, SQL_MODE='NO_AUTO_VALUE_ON_ZERO' */;
/*!40111 SET @OLD_SQL_NOTES=@@SQL_NOTES, SQL_NOTES=0 */;

--
-- Table structure for table `nflplayoffsgame`
--

DROP TABLE IF EXISTS `nflplayoffsgame`;
/*!40101 SET @saved_cs_client     = @@character_set_client */;
 SET character_set_client = utf8mb4 ;
CREATE TABLE `nflplayoffsgame` (
  `GameIndex` int(5) NOT NULL AUTO_INCREMENT,
  `Description` varchar(255) NOT NULL,
  `Winner` varchar(25) DEFAULT NULL,
  `PointsValue` int(11) DEFAULT NULL,
  `Completed` tinyint(1) DEFAULT NULL,
  `Loser` varchar(25) DEFAULT NULL,
  `Year` int(5) DEFAULT NULL,
  `Home` int(5) DEFAULT NULL COMMENT 'Not used',
  `Visitor` int(5) DEFAULT NULL,
  `Conference` varchar(5) DEFAULT NULL,
  `HomeScore` int(3) DEFAULT NULL,
  `VisScore` int(3) DEFAULT NULL,
  `HomeSeed` int(3) DEFAULT NULL,
  `VisSeed` int(3) DEFAULT NULL,
  `DateTime` timestamp NULL DEFAULT NULL,
  `Round` int(3) DEFAULT NULL,
  PRIMARY KEY (`GameIndex`)
) ENGINE=InnoDB AUTO_INCREMENT=503 DEFAULT CHARSET=utf8;
/*!40101 SET character_set_client = @saved_cs_client */;

--
-- Dumping data for table `nflplayoffsgame`
--

LOCK TABLES `nflplayoffsgame` WRITE;
/*!40000 ALTER TABLE `nflplayoffsgame` DISABLE KEYS */;
INSERT INTO `nflplayoffsgame` VALUES (1,'TEN @ KC','TEN',3,1,'KC',17,NULL,NULL,NULL,NULL,NULL,NULL,NULL,NULL,NULL),(2,'BUF @ JAX','JAX',3,1,'BUF',17,NULL,NULL,NULL,NULL,NULL,NULL,NULL,NULL,NULL),(3,'CAR @ NO','NO',3,1,'CAR',17,NULL,NULL,NULL,NULL,NULL,NULL,NULL,NULL,NULL),(4,'ATL @ LARams','ATL',3,1,'LAR',17,NULL,NULL,NULL,NULL,NULL,NULL,NULL,NULL,NULL),(5,'@ NE','NE',5,1,'TEN',17,NULL,NULL,NULL,NULL,NULL,NULL,NULL,NULL,NULL),(6,'@ PIT','JAX',5,1,'PIT',17,NULL,NULL,NULL,NULL,NULL,NULL,NULL,NULL,NULL),(7,'@ PHI','PHI',5,1,'ATL',17,NULL,NULL,NULL,NULL,NULL,NULL,NULL,NULL,NULL),(8,'@ MIN','MIN',5,1,'NO',17,NULL,NULL,NULL,NULL,NULL,NULL,NULL,NULL,NULL),(9,'AFC Champ','NE',10,1,'JAX',17,NULL,NULL,NULL,NULL,NULL,NULL,NULL,NULL,NULL),(10,'NFC Champ','PHI',10,1,'MIN',17,NULL,NULL,NULL,NULL,NULL,NULL,NULL,NULL,NULL),(11,'Super Bowl','PHI',20,1,'NE',17,NULL,NULL,NULL,NULL,NULL,NULL,NULL,NULL,NULL),(34,'IND @ HOU','IND',3,1,'HOU',18,NULL,NULL,NULL,NULL,NULL,NULL,NULL,NULL,NULL),(35,'LAC @ BAL','LAC',3,1,'BAL',18,NULL,NULL,NULL,NULL,NULL,NULL,NULL,NULL,NULL),(36,'PHI @ CHI','PHI',3,1,'CHI',18,NULL,NULL,NULL,NULL,NULL,NULL,NULL,NULL,NULL),(37,'SEA @ DAL','DAL',3,1,'SEA',18,NULL,NULL,NULL,NULL,NULL,NULL,NULL,NULL,NULL),(38,'@ KC','KC',5,1,'IND',18,NULL,NULL,NULL,NULL,NULL,NULL,NULL,NULL,NULL),(39,'@ NE','NE',5,1,'LAC',18,NULL,NULL,NULL,NULL,NULL,NULL,NULL,NULL,NULL),(40,'@ NO','NO',5,1,'PHI',18,NULL,NULL,NULL,NULL,NULL,NULL,NULL,NULL,NULL),(41,'@ LAR','LAR',5,1,'DAL',18,NULL,NULL,NULL,NULL,NULL,NULL,NULL,NULL,NULL),(42,'AFC Champ','NE',10,1,'KC',18,NULL,NULL,NULL,NULL,NULL,NULL,NULL,NULL,NULL),(43,'NFC Champ','LAR',10,1,'NO',18,NULL,NULL,NULL,NULL,NULL,NULL,NULL,NULL,NULL),(44,'Super Bowl','NE',20,1,'LAR',18,NULL,NULL,NULL,NULL,NULL,NULL,NULL,NULL,NULL),(56,'CIN @ IND','IND',3,1,'CIN',14,NULL,NULL,NULL,NULL,NULL,NULL,NULL,NULL,NULL),(57,'BAL @ PIT','BAL',3,1,'PIT',14,NULL,NULL,NULL,NULL,NULL,NULL,NULL,NULL,NULL),(58,'ARZ @ CAR','CAR',3,1,'ARZ',14,NULL,NULL,NULL,NULL,NULL,NULL,NULL,NULL,NULL),(59,'DET @ DAL','DAL',3,1,'DET',14,NULL,NULL,NULL,NULL,NULL,NULL,NULL,NULL,NULL),(60,'@ NE','NE',5,1,'BAL',14,NULL,NULL,NULL,NULL,NULL,NULL,NULL,NULL,NULL),(61,'@ DEN','IND',5,1,'DEN',14,NULL,NULL,NULL,NULL,NULL,NULL,NULL,NULL,NULL),(62,'@ SEA','SEA',5,1,'CAR',14,NULL,NULL,NULL,NULL,NULL,NULL,NULL,NULL,NULL),(63,'@ GB','GB',5,1,'DAL',14,NULL,NULL,NULL,NULL,NULL,NULL,NULL,NULL,NULL),(64,'AFC Champ','NE',10,1,'IND',14,NULL,NULL,NULL,NULL,NULL,NULL,NULL,NULL,NULL),(65,'NFC Champ','SEA',10,1,'GB',14,NULL,NULL,NULL,NULL,NULL,NULL,NULL,NULL,NULL),(66,'Super Bowl','NE',20,1,'SEA',14,NULL,NULL,NULL,NULL,NULL,NULL,NULL,NULL,NULL),(67,'KC @ HOU','KC',3,1,'HOU',15,NULL,NULL,NULL,NULL,NULL,NULL,NULL,NULL,NULL),(68,'PIT @ CIN','PIT',3,1,'CIN',15,NULL,NULL,NULL,NULL,NULL,NULL,NULL,NULL,NULL),(69,'GB @ WAS','GB',3,1,'WAS',15,NULL,NULL,NULL,NULL,NULL,NULL,NULL,NULL,NULL),(70,'SEA @ MIN','SEA',3,1,'MIN',15,NULL,NULL,NULL,NULL,NULL,NULL,NULL,NULL,NULL),(71,'@ DEN','DEN',5,1,'PIT',15,NULL,NULL,NULL,NULL,NULL,NULL,NULL,NULL,NULL),(72,'@ NE','NE',5,1,'KC',15,NULL,NULL,NULL,NULL,NULL,NULL,NULL,NULL,NULL),(73,'@ CAR','CAR',5,1,'SEA',15,NULL,NULL,NULL,NULL,NULL,NULL,NULL,NULL,NULL),(74,'@ ARZ','ARZ',5,1,'GB',15,NULL,NULL,NULL,NULL,NULL,NULL,NULL,NULL,NULL),(75,'AFC Champ','DEN',10,1,'NE',15,NULL,NULL,NULL,NULL,NULL,NULL,NULL,NULL,NULL),(76,'NFC Champ','CAR',10,1,'ARZ',15,NULL,NULL,NULL,NULL,NULL,NULL,NULL,NULL,NULL),(77,'Super Bowl','DEN',20,1,'CAR',15,NULL,NULL,NULL,NULL,NULL,NULL,NULL,NULL,NULL),(78,'OAK @ HOU','HOU',3,1,'OAK',16,NULL,NULL,NULL,NULL,NULL,NULL,NULL,NULL,NULL),(79,'MIA @ PIT','PIT',3,1,'MIA',16,NULL,NULL,NULL,NULL,NULL,NULL,NULL,NULL,NULL),(80,'NYG @ GB','GB',3,1,'NYG',16,NULL,NULL,NULL,NULL,NULL,NULL,NULL,NULL,NULL),(81,'DET @ SEA','SEA',3,1,'DET',16,NULL,NULL,NULL,NULL,NULL,NULL,NULL,NULL,NULL),(82,'@ NE','NE',5,1,'HOU',16,NULL,NULL,NULL,NULL,NULL,NULL,NULL,NULL,NULL),(83,'@ KC','PIT',5,1,'KC',16,NULL,NULL,NULL,NULL,NULL,NULL,NULL,NULL,NULL),(84,'@ DAL','GB',5,1,'DAL',16,NULL,NULL,NULL,NULL,NULL,NULL,NULL,NULL,NULL),(85,'@ ATL','ATL',5,1,'SEA',16,NULL,NULL,NULL,NULL,NULL,NULL,NULL,NULL,NULL),(86,'AFC Champ','NE',10,1,'PIT',16,NULL,NULL,NULL,NULL,NULL,NULL,NULL,NULL,NULL),(87,'NFC Champ','ATL',10,1,'GB',16,NULL,NULL,NULL,NULL,NULL,NULL,NULL,NULL,NULL),(88,'Super Bowl','NE',20,1,'ATL',16,NULL,NULL,NULL,NULL,NULL,NULL,NULL,NULL,NULL),(129,'BUF @ HOU','HOU',3,1,'BUF',19,NULL,NULL,NULL,NULL,NULL,NULL,NULL,NULL,NULL),(130,'TEN @ NE','TEN',3,1,'NE',19,NULL,NULL,NULL,NULL,NULL,NULL,NULL,NULL,NULL),(131,'SEA @ PHI','SEA',3,1,'PHI',19,NULL,NULL,NULL,NULL,NULL,NULL,NULL,NULL,NULL),(132,'MIN @ NO','MIN',3,1,'NO',19,NULL,NULL,NULL,NULL,NULL,NULL,NULL,NULL,NULL),(133,'@ BAL','TEN',5,1,'BAL',19,NULL,NULL,NULL,NULL,NULL,NULL,NULL,NULL,NULL),(134,'@ KC','KC',5,1,'HOU',19,NULL,NULL,NULL,NULL,NULL,NULL,NULL,NULL,NULL),(135,'@ SF','SF',5,1,'MIN',19,NULL,NULL,NULL,NULL,NULL,NULL,NULL,NULL,NULL),(136,'@ GB','GB',5,1,'SEA',19,NULL,NULL,NULL,NULL,NULL,NULL,NULL,NULL,NULL),(137,'AFC Champ','KC',10,1,'TEN',19,NULL,NULL,NULL,NULL,NULL,NULL,NULL,NULL,NULL),(138,'NFC Champ','SF',10,1,'GB',19,NULL,NULL,NULL,NULL,NULL,NULL,NULL,NULL,NULL),(139,'Super Bowl','KC',20,1,'SF',19,NULL,NULL,NULL,NULL,NULL,NULL,NULL,NULL,NULL),(212,'IND @ BUF','BUF',3,1,'IND',20,4,14,NULL,24,21,NULL,NULL,'2021-01-09 18:00:00',NULL),(213,'CLE @ PIT','CLE',3,1,'PIT',20,28,8,NULL,37,48,NULL,NULL,NULL,NULL),(214,'BAL @ TEN','BAL',3,1,'TEN',20,34,3,NULL,13,20,NULL,NULL,NULL,NULL),(215,'CHI @ NO','NO',3,1,'CHI',20,22,6,NULL,21,9,NULL,NULL,NULL,NULL),(216,'LAR @ SEA','LAR',3,1,'SEA',20,30,32,NULL,20,30,NULL,NULL,NULL,NULL),(217,'TB @ WAS','TB',3,1,'WAS',20,35,33,NULL,23,31,NULL,NULL,NULL,NULL),(218,'@ KC','KC',5,1,'CLE',20,16,8,NULL,22,17,NULL,NULL,NULL,NULL),(219,'AFC R2 Game 2','BUF',5,1,'BAL',20,4,3,NULL,17,3,NULL,NULL,NULL,NULL),(220,'@ GB','GB',5,1,'LAR',20,12,32,NULL,32,18,NULL,NULL,NULL,NULL),(221,'NFC R2 Game 2','TB',5,1,'NO',20,22,33,NULL,20,30,NULL,NULL,NULL,NULL),(222,'AFC Champ','KC',10,1,'BUF',20,16,4,NULL,38,24,NULL,NULL,NULL,NULL),(223,'NFC Champ','TB',10,1,'GB',20,12,33,NULL,26,31,NULL,NULL,NULL,NULL),(224,'Super Bowl','TB',20,1,'KC',20,33,16,NULL,31,9,NULL,NULL,NULL,NULL),(385,'PIT @ KC','KC',3,1,'PIT',21,16,28,'AFC',42,21,2,7,NULL,1),(386,'NE @ BUF','BUF',3,1,'NE',21,4,21,'AFC',47,17,3,6,NULL,1),(387,'LV @ CIN','CIN',3,1,'LV',21,7,25,'AFC',23,16,4,5,'2022-01-15 22:00:00',1),(388,'PHI @ TB','TB',3,1,'PHI',21,33,26,'NFC',31,15,2,7,NULL,1),(389,'SF @ DAL','SF',3,1,'DAL',21,9,31,'NFC',17,23,3,6,NULL,1),(390,'ARZ @ LAR','LAR',3,1,'ARI',21,32,1,'NFC',34,11,4,5,NULL,1),(391,'@ TEN','CIN',5,1,'TEN',21,34,7,'AFC',16,19,1,NULL,NULL,2),(392,'AFC R2 Game 2','KC',5,1,'BUF',21,16,4,'AFC',42,36,NULL,NULL,NULL,2),(393,'@ GB','SF',5,1,'GB',21,12,31,'NFC',10,13,1,NULL,NULL,2),(394,'NFC R2 Game 2','LAR',5,1,'TB',21,33,32,'NFC',27,30,NULL,NULL,NULL,2),(395,'AFC Champ',NULL,10,0,NULL,21,NULL,NULL,'AFC',NULL,NULL,NULL,NULL,NULL,3),(396,'NFC Champ',NULL,10,0,NULL,21,NULL,NULL,'NFC',NULL,NULL,NULL,NULL,NULL,3),(397,'Super Bowl',NULL,20,0,NULL,21,NULL,NULL,NULL,NULL,NULL,NULL,NULL,NULL,4);
/*!40000 ALTER TABLE `nflplayoffsgame` ENABLE KEYS */;
UNLOCK TABLES;

--
-- Table structure for table `nflplayoffsteam`
--

DROP TABLE IF EXISTS `nflplayoffsteam`;
/*!40101 SET @saved_cs_client     = @@character_set_client */;
 SET character_set_client = utf8mb4 ;
CREATE TABLE `nflplayoffsteam` (
  `NFLPlayoffsTeamId` int(5) NOT NULL AUTO_INCREMENT,
  `NFLTeamId` int(5) NOT NULL,
  `Seed` int(5) NOT NULL,
  `Year` int(5) NOT NULL,
  PRIMARY KEY (`NFLPlayoffsTeamId`)
) ENGINE=InnoDB AUTO_INCREMENT=29 DEFAULT CHARSET=utf8mb4 COLLATE=utf8mb4_0900_ai_ci;
/*!40101 SET character_set_client = @saved_cs_client */;

--
-- Dumping data for table `nflplayoffsteam`
--

LOCK TABLES `nflplayoffsteam` WRITE;
/*!40000 ALTER TABLE `nflplayoffsteam` DISABLE KEYS */;
INSERT INTO `nflplayoffsteam` VALUES (15,4,2,20),(16,14,7,20),(17,28,3,20),(18,8,6,20),(19,34,4,20),(20,3,5,20),(21,22,2,20),(22,6,7,20),(23,30,3,20),(24,32,6,20),(25,35,4,20),(26,33,5,20),(27,16,1,20),(28,12,1,20);
/*!40000 ALTER TABLE `nflplayoffsteam` ENABLE KEYS */;
UNLOCK TABLES;

--
-- Table structure for table `nflteam`
--

DROP TABLE IF EXISTS `nflteam`;
/*!40101 SET @saved_cs_client     = @@character_set_client */;
 SET character_set_client = utf8mb4 ;
CREATE TABLE `nflteam` (
  `NFLTeamId` int(5) NOT NULL,
  `LongName` varchar(50) NOT NULL,
  `ShortName` varchar(5) NOT NULL,
  PRIMARY KEY (`NFLTeamId`)
) ENGINE=InnoDB DEFAULT CHARSET=utf8mb4 COLLATE=utf8mb4_0900_ai_ci;
/*!40101 SET character_set_client = @saved_cs_client */;

--
-- Dumping data for table `nflteam`
--

LOCK TABLES `nflteam` WRITE;
/*!40000 ALTER TABLE `nflteam` DISABLE KEYS */;
INSERT INTO `nflteam` VALUES (1,'Arizona Cardinals','ARI'),(2,'Atlanta Falcons','ATL'),(3,'Baltimore Ravens','BAL'),(4,'Buffalo Bills','BUF'),(5,'Carolina Panthers','CAR'),(6,'Chicago Bears','CHI'),(7,'Cincinnati Bengals','CIN'),(8,'Cleveland Browns','CLE'),(9,'Dallas Cowboys','DAL'),(10,'Denver Broncos','DEN'),(11,'Detroit Lions','DET'),(12,'Green Bay Packers','GB'),(13,'Houston Texans','HOU'),(14,'Indianapolis Colts','IND'),(15,'Jacksonville Jaguars','JAX'),(16,'Kansas City Chiefs','KC'),(19,'Miami Dolphins','MIA'),(20,'Minnesota Vikings','MIN'),(21,'New England Patriots','NE'),(22,'New Orleans Saints','NO'),(23,'New York Giants','NYG'),(24,'New York Jets','NYJ'),(25,'Las Vegas Raiders','LV'),(26,'Philadelphia Eagles','PHI'),(28,'Pittsburgh Steelers','PIT'),(29,'Los Angeles Chargers','LAC'),(30,'Seattle Seahawks','SEA'),(31,'San Francisco 49ers','SF'),(32,'Los Angeles Rams','LAR'),(33,'Tampa Bay Buccaneers','TB'),(34,'Tennessee Titans','TEN'),(35,'Washington Football Team','WAS');
/*!40000 ALTER TABLE `nflteam` ENABLE KEYS */;
UNLOCK TABLES;

--
-- Table structure for table `pick`
--

DROP TABLE IF EXISTS `pick`;
/*!40101 SET @saved_cs_client     = @@character_set_client */;
 SET character_set_client = utf8mb4 ;
CREATE TABLE `pick` (
  `PickId` int(11) NOT NULL AUTO_INCREMENT,
  `UserId` int(11) DEFAULT NULL,
  `GameId` int(11) DEFAULT NULL COMMENT 'NFLPlayoffsTeam.GameIndex',
  `Winner` varchar(25) DEFAULT NULL,
  `PoolId` int(5) DEFAULT NULL,
  `CreatedTime` timestamp NULL DEFAULT NULL,
  PRIMARY KEY (`PickId`)
) ENGINE=InnoDB AUTO_INCREMENT=12862 DEFAULT CHARSET=utf8;
/*!40101 SET character_set_client = @saved_cs_client */;

--
-- Dumping data for table `pick`
--

LOCK TABLES `pick` WRITE;
/*!40000 ALTER TABLE `pick` DISABLE KEYS */;
INSERT INTO `pick` VALUES (5536,181,1,'KC',4,NULL),(5537,181,2,'JAX',4,NULL),(5538,181,3,'NO',4,NULL),(5539,181,4,'LARAMS',4,NULL),(5540,181,5,'NE',4,NULL),(5541,181,6,'PIT',4,NULL),(5542,181,7,'NO',4,NULL),(5543,181,8,'LARAMS',4,NULL),(5544,181,9,'NE',4,NULL),(5545,181,10,'LARAMS',4,NULL),(5546,181,11,'LARAMS',4,NULL),(5547,182,1,'TEN',4,NULL),(5548,182,2,'JAX',4,NULL),(5549,182,3,'NO',4,NULL),(5550,182,4,'LARAMS',4,NULL),(5551,182,5,'NE',4,NULL),(5552,182,6,'PIT',4,NULL),(5553,182,7,'NO',4,NULL),(5554,182,8,'MIN',4,NULL),(5555,182,9,'PIT',4,NULL),(5556,182,10,'NO',4,NULL),(5557,182,11,'NO',4,NULL),(5558,183,1,'KC',4,NULL),(5559,183,2,'JAX',4,NULL),(5560,183,3,'NO',4,NULL),(5561,183,4,'ATL',4,NULL),(5562,183,5,'NE',4,NULL),(5563,183,6,'JAX',4,NULL),(5564,183,7,'PHI',4,NULL),(5565,183,8,'NO',4,NULL),(5566,183,9,'NE',4,NULL),(5567,183,10,'PHI',4,NULL),(5568,183,11,'NE',4,NULL),(5569,184,1,'KC',4,NULL),(5570,184,2,'JAX',4,NULL),(5571,184,3,'NO',4,NULL),(5572,184,4,'LARAMS',4,NULL),(5573,184,5,'NE',4,NULL),(5574,184,6,'PIT',4,NULL),(5575,184,7,'NO',4,NULL),(5576,184,8,'LARAMS',4,NULL),(5577,184,9,'PIT',4,NULL),(5578,184,10,'LARAMS',4,NULL),(5579,184,11,'LARAMS',4,NULL),(5580,185,1,'KC',4,NULL),(5581,185,2,'BUF',4,NULL),(5582,185,3,'NO',4,NULL),(5583,185,4,'ATL',4,NULL),(5584,185,5,'NE',4,NULL),(5585,185,6,'PIT',4,NULL),(5586,185,7,'ATL',4,NULL),(5587,185,8,'NO',4,NULL),(5588,185,9,'NE',4,NULL),(5589,185,10,'ATL',4,NULL),(5590,185,11,'ATL',4,NULL),(5591,186,1,'KC',4,NULL),(5592,186,2,'JAX',4,NULL),(5593,186,3,'CAR',4,NULL),(5594,186,4,'ATL',4,NULL),(5595,186,5,'NE',4,NULL),(5596,186,6,'PIT',4,NULL),(5597,186,7,'ATL',4,NULL),(5598,186,8,'MIN',4,NULL),(5599,186,9,'NE',4,NULL),(5600,186,10,'MIN',4,NULL),(5601,186,11,'NE',4,NULL),(5602,187,1,'KC',4,NULL),(5603,187,2,'JAX',4,NULL),(5604,187,3,'NO',4,NULL),(5605,187,4,'LARAMS',4,NULL),(5606,187,5,'NE',4,NULL),(5607,187,6,'JAX',4,NULL),(5608,187,7,'NO',4,NULL),(5609,187,8,'LARAMS',4,NULL),(5610,187,9,'NE',4,NULL),(5611,187,10,'NO',4,NULL),(5612,187,11,'NO',4,NULL),(5613,188,1,'KC',4,NULL),(5614,188,2,'JAX',4,NULL),(5615,188,3,'NO',4,NULL),(5616,188,4,'LARAMS',4,NULL),(5617,188,5,'NE',4,NULL),(5618,188,6,'PIT',4,NULL),(5619,188,7,'PHI',4,NULL),(5620,188,8,'LARAMS',4,NULL),(5621,188,9,'PIT',4,NULL),(5622,188,10,'LARAMS',4,NULL),(5623,188,11,'LARAMS',4,NULL),(5624,189,1,'KC',4,NULL),(5625,189,2,'JAX',4,NULL),(5626,189,3,'CAR',4,NULL),(5627,189,4,'ATL',4,NULL),(5628,189,5,'NE',4,NULL),(5629,189,6,'PIT',4,NULL),(5630,189,7,'PHI',4,NULL),(5631,189,8,'MIN',4,NULL),(5632,189,9,'PIT',4,NULL),(5633,189,10,'MIN',4,NULL),(5634,189,11,'PIT',4,NULL),(5635,190,1,'TEN',4,NULL),(5636,190,2,'JAX',4,NULL),(5637,190,3,'CAR',4,NULL),(5638,190,4,'LARAMS',4,NULL),(5639,190,5,'NE',4,NULL),(5640,190,6,'PIT',4,NULL),(5641,190,7,'PHI',4,NULL),(5642,190,8,'LARAMS',4,NULL),(5643,190,9,'PIT',4,NULL),(5644,190,10,'PHI',4,NULL),(5645,190,11,'PIT',4,NULL),(5646,191,1,'KC',4,NULL),(5647,191,2,'BUF',4,NULL),(5648,191,3,'NO',4,NULL),(5649,191,4,'LARAMS',4,NULL),(5650,191,5,'NE',4,NULL),(5651,191,6,'PIT',4,NULL),(5652,191,7,'NO',4,NULL),(5653,191,8,'MIN',4,NULL),(5654,191,9,'NE',4,NULL),(5655,191,10,'MIN',4,NULL),(5656,191,11,'NE',4,NULL),(5657,192,1,'TEN',4,NULL),(5658,192,2,'JAX',4,NULL),(5659,192,3,'NO',4,NULL),(5660,192,4,'LARAMS',4,NULL),(5661,192,5,'NE',4,NULL),(5662,192,6,'PIT',4,NULL),(5663,192,7,'NO',4,NULL),(5664,192,8,'LARAMS',4,NULL),(5665,192,9,'NE',4,NULL),(5666,192,10,'LARAMS',4,NULL),(5667,192,11,'LARAMS',4,NULL),(5668,193,1,'KC',4,NULL),(5669,193,2,'JAX',4,NULL),(5670,193,3,'NO',4,NULL),(5671,193,4,'LARAMS',4,NULL),(5672,193,5,'NE',4,NULL),(5673,193,6,'PIT',4,NULL),(5674,193,7,'NO',4,NULL),(5675,193,8,'MIN',4,NULL),(5676,193,9,'PIT',4,NULL),(5677,193,10,'MIN',4,NULL),(5678,193,11,'MIN',4,NULL),(5679,194,1,'KC',4,NULL),(5680,194,2,'JAX',4,NULL),(5681,194,3,'NO',4,NULL),(5682,194,4,'LARAMS',4,NULL),(5683,194,5,'NE',4,NULL),(5684,194,6,'PIT',4,NULL),(5685,194,7,'NO',4,NULL),(5686,194,8,'MIN',4,NULL),(5687,194,9,'NE',4,NULL),(5688,194,10,'MIN',4,NULL),(5689,194,11,'NE',4,NULL),(5690,195,1,'KC',4,NULL),(5691,195,2,'JAX',4,NULL),(5692,195,3,'NO',4,NULL),(5693,195,4,'ATL',4,NULL),(5694,195,5,'NE',4,NULL),(5695,195,6,'PIT',4,NULL),(5696,195,7,'PHI',4,NULL),(5697,195,8,'NO',4,NULL),(5698,195,9,'PIT',4,NULL),(5699,195,10,'NO',4,NULL),(5700,195,11,'PIT',4,NULL),(5701,196,1,'KC',4,NULL),(5702,196,2,'JAX',4,NULL),(5703,196,3,'NO',4,NULL),(5704,196,4,'LARAMS',4,NULL),(5705,196,5,'NE',4,NULL),(5706,196,6,'PIT',4,NULL),(5707,196,7,'NO',4,NULL),(5708,196,8,'MIN',4,NULL),(5709,196,9,'NE',4,NULL),(5710,196,10,'MIN',4,NULL),(5711,196,11,'NE',4,NULL),(5712,197,1,'KC',4,NULL),(5713,197,2,'BUF',4,NULL),(5714,197,3,'NO',4,NULL),(5715,197,4,'ATL',4,NULL),(5716,197,5,'NE',4,NULL),(5717,197,6,'PIT',4,NULL),(5718,197,7,'PHI',4,NULL),(5719,197,8,'NO',4,NULL),(5720,197,9,'PIT',4,NULL),(5721,197,10,'NO',4,NULL),(5722,197,11,'PIT',4,NULL),(5723,198,1,'KC',4,NULL),(5724,198,2,'JAX',4,NULL),(5725,198,3,'NO',4,NULL),(5726,198,4,'LARAMS',4,NULL),(5727,198,5,'NE',4,NULL),(5728,198,6,'PIT',4,NULL),(5729,198,7,'NO',4,NULL),(5730,198,8,'MIN',4,NULL),(5731,198,9,'NE',4,NULL),(5732,198,10,'MIN',4,NULL),(5733,198,11,'NE',4,NULL),(5734,199,1,'TEN',4,NULL),(5735,199,2,'JAX',4,NULL),(5736,199,3,'CAR',4,NULL),(5737,199,4,'ATL',4,NULL),(5738,199,5,'NE',4,NULL),(5739,199,6,'PIT',4,NULL),(5740,199,7,'PHI',4,NULL),(5741,199,8,'MIN',4,NULL),(5742,199,9,'PIT',4,NULL),(5743,199,10,'MIN',4,NULL),(5744,199,11,'PIT',4,NULL),(5745,200,1,'KC',4,NULL),(5746,200,2,'JAX',4,NULL),(5747,200,3,'NO',4,NULL),(5748,200,4,'LARAMS',4,NULL),(5749,200,5,'NE',4,NULL),(5750,200,6,'PIT',4,NULL),(5751,200,7,'NO',4,NULL),(5752,200,8,'MIN',4,NULL),(5753,200,9,'NE',4,NULL),(5754,200,10,'NO',4,NULL),(5755,200,11,'NO',4,NULL),(5756,201,1,'KC',4,NULL),(5757,201,2,'JAX',4,NULL),(5758,201,3,'NO',4,NULL),(5759,201,4,'LARAMS',4,NULL),(5760,201,5,'NE',4,NULL),(5761,201,6,'PIT',4,NULL),(5762,201,7,'NO',4,NULL),(5763,201,8,'LARAMS',4,NULL),(5764,201,9,'PIT',4,NULL),(5765,201,10,'LARAMS',4,NULL),(5766,201,11,'LARAMS',4,NULL),(5767,202,1,'KC',4,NULL),(5768,202,2,'BUF',4,NULL),(5769,202,3,'NO',4,NULL),(5770,202,4,'ATL',4,NULL),(5771,202,5,'NE',4,NULL),(5772,202,6,'PIT',4,NULL),(5773,202,7,'ATL',4,NULL),(5774,202,8,'NO',4,NULL),(5775,202,9,'PIT',4,NULL),(5776,202,10,'ATL',4,NULL),(5777,202,11,'PIT',4,NULL),(5778,203,1,'KC',4,NULL),(5779,203,2,'JAX',4,NULL),(5780,203,3,'CAR',4,NULL),(5781,203,4,'ATL',4,NULL),(5782,203,5,'NE',4,NULL),(5783,203,6,'PIT',4,NULL),(5784,203,7,'ATL',4,NULL),(5785,203,8,'MIN',4,NULL),(5786,203,9,'NE',4,NULL),(5787,203,10,'ATL',4,NULL),(5788,203,11,'NE',4,NULL),(5789,204,1,'KC',4,NULL),(5790,204,2,'JAX',4,NULL),(5791,204,3,'NO',4,NULL),(5792,204,4,'LARAMS',4,NULL),(5793,204,5,'NE',4,NULL),(5794,204,6,'PIT',4,NULL),(5795,204,7,'NO',4,NULL),(5796,204,8,'LARAMS',4,NULL),(5797,204,9,'NE',4,NULL),(5798,204,10,'NO',4,NULL),(5799,204,11,'NE',4,NULL),(5800,205,1,'KC',4,NULL),(5801,205,2,'JAX',4,NULL),(5802,205,3,'CAR',4,NULL),(5803,205,4,'LARAMS',4,NULL),(5804,205,5,'KC',4,NULL),(5805,205,6,'PIT',4,NULL),(5806,205,7,'PHI',4,NULL),(5807,205,8,'MIN',4,NULL),(5808,205,9,'PIT',4,NULL),(5809,205,10,'MIN',4,NULL),(5810,205,11,'PIT',4,NULL),(5811,206,1,'KC',4,NULL),(5812,206,2,'BUF',4,NULL),(5813,206,3,'NO',4,NULL),(5814,206,4,'LARAMS',4,NULL),(5815,206,5,'NE',4,NULL),(5816,206,6,'KC',4,NULL),(5817,206,7,'NO',4,NULL),(5818,206,8,'MIN',4,NULL),(5819,206,9,'KC',4,NULL),(5820,206,10,'MIN',4,NULL),(5821,206,11,'MIN',4,NULL),(5822,207,1,'KC',4,NULL),(5823,207,2,'JAX',4,NULL),(5824,207,3,'NO',4,NULL),(5825,207,4,'ATL',4,NULL),(5826,207,5,'KC',4,NULL),(5827,207,6,'PIT',4,NULL),(5828,207,7,'PHI',4,NULL),(5829,207,8,'NO',4,NULL),(5830,207,9,'KC',4,NULL),(5831,207,10,'NO',4,NULL),(5832,207,11,'NO',4,NULL),(5833,208,1,'KC',4,NULL),(5834,208,2,'JAX',4,NULL),(5835,208,3,'NO',4,NULL),(5836,208,4,'LARAMS',4,NULL),(5837,208,5,'NE',4,NULL),(5838,208,6,'PIT',4,NULL),(5839,208,7,'PHI',4,NULL),(5840,208,8,'MIN',4,NULL),(5841,208,9,'NE',4,NULL),(5842,208,10,'MIN',4,NULL),(5843,208,11,'NE',4,NULL),(5844,209,1,'KC',4,NULL),(5845,209,2,'JAX',4,NULL),(5846,209,3,'NO',4,NULL),(5847,209,4,'LARAMS',4,NULL),(5848,209,5,'NE',4,NULL),(5849,209,6,'PIT',4,NULL),(5850,209,7,'NO',4,NULL),(5851,209,8,'MIN',4,NULL),(5852,209,9,'NE',4,NULL),(5853,209,10,'NO',4,NULL),(5854,209,11,'NE',4,NULL),(5855,210,1,'KC',4,NULL),(5856,210,2,'JAX',4,NULL),(5857,210,3,'NO',4,NULL),(5858,210,4,'LARAMS',4,NULL),(5859,210,5,'NE',4,NULL),(5860,210,6,'PIT',4,NULL),(5861,210,7,'NO',4,NULL),(5862,210,8,'MIN',4,NULL),(5863,210,9,'PIT',4,NULL),(5864,210,10,'MIN',4,NULL),(5865,210,11,'PIT',4,NULL),(5866,211,1,'TEN',4,NULL),(5867,211,2,'JAX',4,NULL),(5868,211,3,'NO',4,NULL),(5869,211,4,'LARAMS',4,NULL),(5870,211,5,'NE',4,NULL),(5871,211,6,'PIT',4,NULL),(5872,211,7,'NO',4,NULL),(5873,211,8,'MIN',4,NULL),(5874,211,9,'PIT',4,NULL),(5875,211,10,'NO',4,NULL),(5876,211,11,'NO',4,NULL),(5877,212,1,'KC',4,NULL),(5878,212,2,'JAX',4,NULL),(5879,212,3,'NO',4,NULL),(5880,212,4,'ATL',4,NULL),(5881,212,5,'KC',4,NULL),(5882,212,6,'PIT',4,NULL),(5883,212,7,'PHI',4,NULL),(5884,212,8,'NO',4,NULL),(5885,212,9,'KC',4,NULL),(5886,212,10,'NO',4,NULL),(5887,212,11,'KC',4,NULL),(5888,213,1,'KC',4,NULL),(5889,213,2,'JAX',4,NULL),(5890,213,3,'NO',4,NULL),(5891,213,4,'LARAMS',4,NULL),(5892,213,5,'NE',4,NULL),(5893,213,6,'PIT',4,NULL),(5894,213,7,'NO',4,NULL),(5895,213,8,'MIN',4,NULL),(5896,213,9,'NE',4,NULL),(5897,213,10,'MIN',4,NULL),(5898,213,11,'MIN',4,NULL),(5899,214,1,'KC',4,NULL),(5900,214,2,'JAX',4,NULL),(5901,214,3,'NO',4,NULL),(5902,214,4,'LARAMS',4,NULL),(5903,214,5,'KC',4,NULL),(5904,214,6,'PIT',4,NULL),(5905,214,7,'NO',4,NULL),(5906,214,8,'MIN',4,NULL),(5907,214,9,'PIT',4,NULL),(5908,214,10,'NO',4,NULL),(5909,214,11,'PIT',4,NULL),(5910,215,1,'KC',4,NULL),(5911,215,2,'JAX',4,NULL),(5912,215,3,'NO',4,NULL),(5913,215,4,'LARAMS',4,NULL),(5914,215,5,'NE',4,NULL),(5915,215,6,'PIT',4,NULL),(5916,215,7,'NO',4,NULL),(5917,215,8,'MIN',4,NULL),(5918,215,9,'NE',4,NULL),(5919,215,10,'NO',4,NULL),(5920,215,11,'NO',4,NULL),(5921,216,1,'KC',4,NULL),(5922,216,2,'JAX',4,NULL),(5923,216,3,'NO',4,NULL),(5924,216,4,'LARAMS',4,NULL),(5925,216,5,'NE',4,NULL),(5926,216,6,'PIT',4,NULL),(5927,216,7,'NO',4,NULL),(5928,216,8,'LARAMS',4,NULL),(5929,216,9,'NE',4,NULL),(5930,216,10,'LARAMS',4,NULL),(5931,216,11,'NE',4,NULL),(5932,217,1,'KC',4,NULL),(5933,217,2,'JAX',4,NULL),(5934,217,3,'NO',4,NULL),(5935,217,4,'LARAMS',4,NULL),(5936,217,5,'KC',4,NULL),(5937,217,6,'PIT',4,NULL),(5938,217,7,'NO',4,NULL),(5939,217,8,'MIN',4,NULL),(5940,217,9,'PIT',4,NULL),(5941,217,10,'MIN',4,NULL),(5942,217,11,'MIN',4,NULL),(5943,218,1,'KC',4,NULL),(5944,218,2,'JAX',4,NULL),(5945,218,3,'NO',4,NULL),(5946,218,4,'ATL',4,NULL),(5947,218,5,'NE',4,NULL),(5948,218,6,'PIT',4,NULL),(5949,218,7,'ATL',4,NULL),(5950,218,8,'MIN',4,NULL),(5951,218,9,'PIT',4,NULL),(5952,218,10,'MIN',4,NULL),(5953,218,11,'PIT',4,NULL),(6875,300,34,'HOU',6,'2019-01-01 21:57:56'),(6876,300,35,'BAL',6,'2019-01-01 21:57:56'),(6877,300,36,'PHI',6,'2019-01-01 21:57:56'),(6878,300,37,'DAL',6,'2019-01-01 21:57:56'),(6879,300,38,'KC',6,'2019-01-01 21:57:56'),(6880,300,39,'NE',6,'2019-01-01 21:57:56'),(6881,300,40,'NO',6,'2019-01-01 21:57:56'),(6882,300,41,'DAL',6,'2019-01-01 21:57:56'),(6883,300,42,'NE',6,'2019-01-01 21:57:56'),(6884,300,43,'NO',6,'2019-01-01 21:57:57'),(6885,300,44,'NO',6,'2019-01-01 21:57:57'),(6908,305,34,'HOU',6,'2019-01-02 11:31:51'),(6909,305,35,'LAC',6,'2019-01-02 11:31:51'),(6910,305,36,'CHI',6,'2019-01-02 11:31:51'),(6911,305,37,'SEA',6,'2019-01-02 11:31:51'),(6912,305,38,'KC',6,'2019-01-02 11:31:51'),(6913,305,39,'NE',6,'2019-01-02 11:31:51'),(6914,305,40,'NO',6,'2019-01-02 11:31:52'),(6915,305,41,'CHI',6,'2019-01-02 11:31:52'),(6916,305,42,'KC',6,'2019-01-02 11:31:52'),(6917,305,43,'NO',6,'2019-01-02 11:31:52'),(6918,305,44,'NO',6,'2019-01-02 11:31:52'),(6919,295,34,'HOU',6,'2019-01-02 14:18:04'),(6920,295,35,'LAC',6,'2019-01-02 14:18:04'),(6921,295,36,'CHI',6,'2019-01-02 14:18:04'),(6922,295,37,'DAL',6,'2019-01-02 14:18:04'),(6923,295,38,'LAC',6,'2019-01-02 14:18:04'),(6924,295,39,'NE',6,'2019-01-02 14:18:04'),(6925,295,40,'NO',6,'2019-01-02 14:18:05'),(6926,295,41,'CHI',6,'2019-01-02 14:18:05'),(6927,295,42,'LAC',6,'2019-01-02 14:18:05'),(6928,295,43,'NO',6,'2019-01-02 14:18:05'),(6929,295,44,'NO',6,'2019-01-02 14:18:05'),(6930,299,34,'HOU',6,'2019-01-02 15:17:11'),(6931,299,35,'LAC',6,'2019-01-02 15:17:11'),(6932,299,36,'CHI',6,'2019-01-02 15:17:11'),(6933,299,37,'SEA',6,'2019-01-02 15:17:11'),(6934,299,38,'KC',6,'2019-01-02 15:17:11'),(6935,299,39,'NE',6,'2019-01-02 15:17:11'),(6936,299,40,'NO',6,'2019-01-02 15:17:12'),(6937,299,41,'CHI',6,'2019-01-02 15:17:12'),(6938,299,42,'KC',6,'2019-01-02 15:17:12'),(6939,299,43,'NO',6,'2019-01-02 15:17:12'),(6940,299,44,'NO',6,'2019-01-02 15:17:12'),(6941,301,34,'HOU',6,'2019-01-02 16:11:24'),(6942,301,35,'BAL',6,'2019-01-02 16:11:24'),(6943,301,36,'PHI',6,'2019-01-02 16:11:25'),(6944,301,37,'SEA',6,'2019-01-02 16:11:25'),(6945,301,38,'KC',6,'2019-01-02 16:11:25'),(6946,301,39,'NE',6,'2019-01-02 16:11:25'),(6947,301,40,'PHI',6,'2019-01-02 16:11:25'),(6948,301,41,'LAR',6,'2019-01-02 16:11:25'),(6949,301,42,'KC',6,'2019-01-02 16:11:25'),(6950,301,43,'LAR',6,'2019-01-02 16:11:25'),(6951,301,44,'LAR',6,'2019-01-02 16:11:25'),(6963,297,34,'IND',6,'2019-01-04 14:42:39'),(6964,297,35,'LAC',6,'2019-01-04 14:42:40'),(6965,297,36,'PHI',6,'2019-01-04 14:42:40'),(6966,297,37,'SEA',6,'2019-01-04 14:42:40'),(6967,297,38,'KC',6,'2019-01-04 14:42:40'),(6968,297,39,'LAC',6,'2019-01-04 14:42:40'),(6969,297,40,'NO',6,'2019-01-04 14:42:40'),(6970,297,41,'SEA',6,'2019-01-04 14:42:40'),(6971,297,42,'KC',6,'2019-01-04 14:42:40'),(6972,297,43,'NO',6,'2019-01-04 14:42:40'),(6973,297,44,'NO',6,'2019-01-04 14:42:40'),(6974,298,34,'IND',6,'2019-01-04 14:57:35'),(6975,298,35,'LAC',6,'2019-01-04 14:57:36'),(6976,298,36,'CHI',6,'2019-01-04 14:57:36'),(6977,298,37,'SEA',6,'2019-01-04 14:57:36'),(6978,298,38,'KC',6,'2019-01-04 14:57:36'),(6979,298,39,'LAC',6,'2019-01-04 14:57:36'),(6980,298,40,'NO',6,'2019-01-04 14:57:36'),(6981,298,41,'LAR',6,'2019-01-04 14:57:36'),(6982,298,42,'LAC',6,'2019-01-04 14:57:36'),(6983,298,43,'NO',6,'2019-01-04 14:57:36'),(6984,298,44,'LAC',6,'2019-01-04 14:57:36'),(6985,304,34,'HOU',6,'2019-01-04 22:40:17'),(6986,304,35,'LAC',6,'2019-01-04 22:40:17'),(6987,304,36,'CHI',6,'2019-01-04 22:40:18'),(6988,304,37,'DAL',6,'2019-01-04 22:40:18'),(6989,304,38,'KC',6,'2019-01-04 22:40:18'),(6990,304,39,'NE',6,'2019-01-04 22:40:18'),(6991,304,40,'DAL',6,'2019-01-04 22:40:18'),(6992,304,41,'LAR',6,'2019-01-04 22:40:18'),(6993,304,42,'KC',6,'2019-01-04 22:40:18'),(6994,304,43,'DAL',6,'2019-01-04 22:40:18'),(6995,304,44,'KC',6,'2019-01-04 22:40:18'),(7007,296,34,'HOU',6,'2019-01-05 17:15:51'),(7008,296,35,'LAC',6,'2019-01-05 17:15:51'),(7009,296,36,'CHI',6,'2019-01-05 17:15:52'),(7010,296,37,'SEA',6,'2019-01-05 17:15:52'),(7011,296,38,'LAC',6,'2019-01-05 17:15:52'),(7012,296,39,'HOU',6,'2019-01-05 17:15:52'),(7013,296,40,'SEA',6,'2019-01-05 17:15:52'),(7014,296,41,'CHI',6,'2019-01-05 17:15:52'),(7015,296,42,'HOU',6,'2019-01-05 17:15:52'),(7016,296,43,'CHI',6,'2019-01-05 17:15:52'),(7017,296,44,'CHI',6,'2019-01-05 17:15:52'),(7408,302,34,'HOU',6,'2019-01-05 17:39:10'),(7409,302,35,'LAC',6,'2019-01-05 17:39:11'),(7410,302,36,'CHI',6,'2019-01-05 17:39:11'),(7411,302,37,'SEA',6,'2019-01-05 17:39:11'),(7412,302,38,'LAC',6,'2019-01-05 17:39:11'),(7413,302,39,'NE',6,'2019-01-05 17:39:11'),(7414,302,40,'NO',6,'2019-01-05 17:39:12'),(7415,302,41,'CHI',6,'2019-01-05 17:39:12'),(7416,302,42,'NE',6,'2019-01-05 17:39:12'),(7417,302,43,'NO',6,'2019-01-05 17:39:12'),(7418,302,44,'NO',6,'2019-01-05 17:39:12'),(8277,348,35,'LAC',5,'2019-01-05 17:54:40'),(8278,348,34,'HOU',5,'2019-01-05 17:54:40'),(8279,348,37,'SEA',5,'2019-01-05 17:54:40'),(8280,348,36,'CHI',5,'2019-01-05 17:54:40'),(8281,348,38,'KC',5,'2019-01-05 17:54:40'),(8282,348,39,'NE',5,'2019-01-05 17:54:40'),(8283,348,40,'NO',5,'2019-01-05 17:54:40'),(8284,348,41,'LAR',5,'2019-01-05 17:54:40'),(8285,348,42,'KC',5,'2019-01-05 17:54:40'),(8286,348,43,'LAR',5,'2019-01-05 17:54:40'),(8287,348,44,'LAR',5,'2019-01-05 17:54:40'),(8288,349,35,'LAC',5,'2019-01-05 17:54:40'),(8289,349,34,'IND',5,'2019-01-05 17:54:40'),(8290,349,37,'DAL',5,'2019-01-05 17:54:40'),(8291,349,36,'CHI',5,'2019-01-05 17:54:40'),(8292,349,38,'KC',5,'2019-01-05 17:54:40'),(8293,349,39,'LAC',5,'2019-01-05 17:54:40'),(8294,349,40,'NO',5,'2019-01-05 17:54:40'),(8295,349,41,'LAR',5,'2019-01-05 17:54:40'),(8296,349,42,'KC',5,'2019-01-05 17:54:40'),(8297,349,43,'NO',5,'2019-01-05 17:54:40'),(8298,349,44,'KC',5,'2019-01-05 17:54:40'),(8299,350,35,'LAC',5,'2019-01-05 17:54:40'),(8300,350,34,'HOU',5,'2019-01-05 17:54:40'),(8301,350,37,'SEA',5,'2019-01-05 17:54:40'),(8302,350,36,'CHI',5,'2019-01-05 17:54:40'),(8303,350,38,'LAC',5,'2019-01-05 17:54:40'),(8304,350,39,'NE',5,'2019-01-05 17:54:40'),(8305,350,40,'NO',5,'2019-01-05 17:54:40'),(8306,350,41,'LAR',5,'2019-01-05 17:54:40'),(8307,350,42,'NE',5,'2019-01-05 17:54:40'),(8308,350,43,'NO',5,'2019-01-05 17:54:40'),(8309,350,44,'NO',5,'2019-01-05 17:54:40'),(8310,351,35,'LAC',5,'2019-01-05 17:54:40'),(8311,351,34,'HOU',5,'2019-01-05 17:54:40'),(8312,351,37,'DAL',5,'2019-01-05 17:54:40'),(8313,351,36,'CHI',5,'2019-01-05 17:54:40'),(8314,351,38,'KC',5,'2019-01-05 17:54:40'),(8315,351,39,'HOU',5,'2019-01-05 17:54:40'),(8316,351,40,'NO',5,'2019-01-05 17:54:40'),(8317,351,41,'CHI',5,'2019-01-05 17:54:40'),(8318,351,42,'KC',5,'2019-01-05 17:54:40'),(8319,351,43,'CHI',5,'2019-01-05 17:54:40'),(8320,351,44,'CHI',5,'2019-01-05 17:54:40'),(8321,352,35,'BAL',5,'2019-01-05 17:54:40'),(8322,352,34,'HOU',5,'2019-01-05 17:54:40'),(8323,352,37,'DAL',5,'2019-01-05 17:54:40'),(8324,352,36,'CHI',5,'2019-01-05 17:54:40'),(8325,352,38,'KC',5,'2019-01-05 17:54:40'),(8326,352,39,'HOU',5,'2019-01-05 17:54:40'),(8327,352,40,'DAL',5,'2019-01-05 17:54:40'),(8328,352,41,'CHI',5,'2019-01-05 17:54:40'),(8329,352,42,'KC',5,'2019-01-05 17:54:40'),(8330,352,43,'DAL',5,'2019-01-05 17:54:40'),(8331,352,44,'DAL',5,'2019-01-05 17:54:40'),(8332,353,35,'LAC',5,'2019-01-05 17:54:40'),(8333,353,34,'HOU',5,'2019-01-05 17:54:40'),(8334,353,37,'SEA',5,'2019-01-05 17:54:40'),(8335,353,36,'CHI',5,'2019-01-05 17:54:40'),(8336,353,38,'KC',5,'2019-01-05 17:54:40'),(8337,353,39,'HOU',5,'2019-01-05 17:54:40'),(8338,353,40,'NO',5,'2019-01-05 17:54:40'),(8339,353,41,'LAR',5,'2019-01-05 17:54:40'),(8340,353,42,'KC',5,'2019-01-05 17:54:40'),(8341,353,43,'NO',5,'2019-01-05 17:54:40'),(8342,353,44,'NO',5,'2019-01-05 17:54:40'),(8343,354,35,'LAC',5,'2019-01-05 17:54:40'),(8344,354,34,'HOU',5,'2019-01-05 17:54:40'),(8345,354,37,'DAL',5,'2019-01-05 17:54:40'),(8346,354,36,'PHI',5,'2019-01-05 17:54:40'),(8347,354,38,'KC',5,'2019-01-05 17:54:40'),(8348,354,39,'NE',5,'2019-01-05 17:54:40'),(8349,354,40,'NO',5,'2019-01-05 17:54:40'),(8350,354,41,'DAL',5,'2019-01-05 17:54:40'),(8351,354,42,'KC',5,'2019-01-05 17:54:40'),(8352,354,43,'NO',5,'2019-01-05 17:54:40'),(8353,354,44,'NO',5,'2019-01-05 17:54:40'),(8354,355,35,'BAL',5,'2019-01-05 17:54:40'),(8355,355,34,'HOU',5,'2019-01-05 17:54:40'),(8356,355,37,'SEA',5,'2019-01-05 17:54:40'),(8357,355,36,'CHI',5,'2019-01-05 17:54:40'),(8358,355,38,'KC',5,'2019-01-05 17:54:40'),(8359,355,39,'NE',5,'2019-01-05 17:54:40'),(8360,355,40,'NO',5,'2019-01-05 17:54:40'),(8361,355,41,'LAR',5,'2019-01-05 17:54:40'),(8362,355,42,'KC',5,'2019-01-05 17:54:40'),(8363,355,43,'LAR',5,'2019-01-05 17:54:40'),(8364,355,44,'KC',5,'2019-01-05 17:54:40'),(8365,356,35,'BAL',5,'2019-01-05 17:54:40'),(8366,356,34,'IND',5,'2019-01-05 17:54:40'),(8367,356,37,'DAL',5,'2019-01-05 17:54:40'),(8368,356,36,'PHI',5,'2019-01-05 17:54:40'),(8369,356,38,'KC',5,'2019-01-05 17:54:40'),(8370,356,39,'BAL',5,'2019-01-05 17:54:40'),(8371,356,40,'NO',5,'2019-01-05 17:54:40'),(8372,356,41,'LAR',5,'2019-01-05 17:54:40'),(8373,356,42,'KC',5,'2019-01-05 17:54:40'),(8374,356,43,'NO',5,'2019-01-05 17:54:40'),(8375,356,44,'NO',5,'2019-01-05 17:54:40'),(8376,357,35,'LAC',5,'2019-01-05 17:54:40'),(8377,357,34,'HOU',5,'2019-01-05 17:54:40'),(8378,357,37,'DAL',5,'2019-01-05 17:54:40'),(8379,357,36,'CHI',5,'2019-01-05 17:54:40'),(8380,357,38,'LAC',5,'2019-01-05 17:54:40'),(8381,357,39,'NE',5,'2019-01-05 17:54:40'),(8382,357,40,'NO',5,'2019-01-05 17:54:40'),(8383,357,41,'LAR',5,'2019-01-05 17:54:40'),(8384,357,42,'LAC',5,'2019-01-05 17:54:40'),(8385,357,43,'NO',5,'2019-01-05 17:54:40'),(8386,357,44,'NO',5,'2019-01-05 17:54:40'),(8387,358,35,'BAL',5,'2019-01-05 17:54:40'),(8388,358,34,'IND',5,'2019-01-05 17:54:40'),(8389,358,37,'SEA',5,'2019-01-05 17:54:40'),(8390,358,36,'CHI',5,'2019-01-05 17:54:40'),(8391,358,38,'KC',5,'2019-01-05 17:54:40'),(8392,358,39,'BAL',5,'2019-01-05 17:54:40'),(8393,358,40,'NO',5,'2019-01-05 17:54:40'),(8394,358,41,'CHI',5,'2019-01-05 17:54:40'),(8395,358,42,'KC',5,'2019-01-05 17:54:40'),(8396,358,43,'NO',5,'2019-01-05 17:54:40'),(8397,358,44,'KC',5,'2019-01-05 17:54:40'),(8398,359,35,'LAC',5,'2019-01-05 17:54:40'),(8399,359,34,'HOU',5,'2019-01-05 17:54:40'),(8400,359,37,'DAL',5,'2019-01-05 17:54:40'),(8401,359,36,'CHI',5,'2019-01-05 17:54:40'),(8402,359,38,'LAC',5,'2019-01-05 17:54:40'),(8403,359,39,'HOU',5,'2019-01-05 17:54:40'),(8404,359,40,'DAL',5,'2019-01-05 17:54:40'),(8405,359,41,'CHI',5,'2019-01-05 17:54:40'),(8406,359,42,'LAC',5,'2019-01-05 17:54:40'),(8407,359,43,'CHI',5,'2019-01-05 17:54:40'),(8408,359,44,'LAC',5,'2019-01-05 17:54:40'),(8409,360,35,'BAL',5,'2019-01-05 17:54:40'),(8410,360,34,'HOU',5,'2019-01-05 17:54:40'),(8411,360,37,'DAL',5,'2019-01-05 17:54:40'),(8412,360,36,'PHI',5,'2019-01-05 17:54:40'),(8413,360,38,'BAL',5,'2019-01-05 17:54:40'),(8414,360,39,'HOU',5,'2019-01-05 17:54:40'),(8415,360,40,'PHI',5,'2019-01-05 17:54:40'),(8416,360,41,'LAR',5,'2019-01-05 17:54:40'),(8417,360,42,'HOU',5,'2019-01-05 17:54:40'),(8418,360,43,'PHI',5,'2019-01-05 17:54:40'),(8419,360,44,'HOU',5,'2019-01-05 17:54:40'),(8420,361,35,'BAL',5,'2019-01-05 17:54:40'),(8421,361,34,'IND',5,'2019-01-05 17:54:40'),(8422,361,37,'SEA',5,'2019-01-05 17:54:40'),(8423,361,36,'CHI',5,'2019-01-05 17:54:40'),(8424,361,38,'KC',5,'2019-01-05 17:54:40'),(8425,361,39,'NE',5,'2019-01-05 17:54:40'),(8426,361,40,'NO',5,'2019-01-05 17:54:40'),(8427,361,41,'LAR',5,'2019-01-05 17:54:40'),(8428,361,42,'KC',5,'2019-01-05 17:54:40'),(8429,361,43,'LAR',5,'2019-01-05 17:54:40'),(8430,361,44,'LAR',5,'2019-01-05 17:54:40'),(8431,362,35,'BAL',5,'2019-01-05 17:54:40'),(8432,362,34,'HOU',5,'2019-01-05 17:54:40'),(8433,362,37,'DAL',5,'2019-01-05 17:54:40'),(8434,362,36,'CHI',5,'2019-01-05 17:54:40'),(8435,362,38,'KC',5,'2019-01-05 17:54:40'),(8436,362,39,'NE',5,'2019-01-05 17:54:40'),(8437,362,40,'NO',5,'2019-01-05 17:54:40'),(8438,362,41,'LAR',5,'2019-01-05 17:54:40'),(8439,362,42,'KC',5,'2019-01-05 17:54:40'),(8440,362,43,'NO',5,'2019-01-05 17:54:40'),(8441,362,44,'NO',5,'2019-01-05 17:54:40'),(8442,363,35,'LAC',5,'2019-01-05 17:54:40'),(8443,363,34,'HOU',5,'2019-01-05 17:54:40'),(8444,363,37,'SEA',5,'2019-01-05 17:54:40'),(8445,363,36,'CHI',5,'2019-01-05 17:54:40'),(8446,363,38,'KC',5,'2019-01-05 17:54:40'),(8447,363,39,'HOU',5,'2019-01-05 17:54:40'),(8448,363,40,'NO',5,'2019-01-05 17:54:40'),(8449,363,41,'LAR',5,'2019-01-05 17:54:40'),(8450,363,42,'KC',5,'2019-01-05 17:54:40'),(8451,363,43,'NO',5,'2019-01-05 17:54:40'),(8452,363,44,'NO',5,'2019-01-05 17:54:40'),(8453,364,35,'LAC',5,'2019-01-05 17:54:40'),(8454,364,34,'HOU',5,'2019-01-05 17:54:40'),(8455,364,37,'SEA',5,'2019-01-05 17:54:40'),(8456,364,36,'PHI',5,'2019-01-05 17:54:40'),(8457,364,38,'KC',5,'2019-01-05 17:54:40'),(8458,364,39,'NE',5,'2019-01-05 17:54:40'),(8459,364,40,'NO',5,'2019-01-05 17:54:40'),(8460,364,41,'LAR',5,'2019-01-05 17:54:40'),(8461,364,42,'KC',5,'2019-01-05 17:54:40'),(8462,364,43,'NO',5,'2019-01-05 17:54:40'),(8463,364,44,'NO',5,'2019-01-05 17:54:40'),(8464,365,35,'BAL',5,'2019-01-05 17:54:40'),(8465,365,34,'IND',5,'2019-01-05 17:54:40'),(8466,365,37,'DAL',5,'2019-01-05 17:54:40'),(8467,365,36,'CHI',5,'2019-01-05 17:54:40'),(8468,365,38,'KC',5,'2019-01-05 17:54:40'),(8469,365,39,'NE',5,'2019-01-05 17:54:40'),(8470,365,40,'NO',5,'2019-01-05 17:54:40'),(8471,365,41,'LAR',5,'2019-01-05 17:54:40'),(8472,365,42,'KC',5,'2019-01-05 17:54:40'),(8473,365,43,'NO',5,'2019-01-05 17:54:40'),(8474,365,44,'KC',5,'2019-01-05 17:54:40'),(8475,366,35,'LAC',5,'2019-01-05 17:54:40'),(8476,366,34,'HOU',5,'2019-01-05 17:54:40'),(8477,366,37,'SEA',5,'2019-01-05 17:54:40'),(8478,366,36,'CHI',5,'2019-01-05 17:54:40'),(8479,366,38,'KC',5,'2019-01-05 17:54:40'),(8480,366,39,'NE',5,'2019-01-05 17:54:40'),(8481,366,40,'NO',5,'2019-01-05 17:54:40'),(8482,366,41,'CHI',5,'2019-01-05 17:54:40'),(8483,366,42,'KC',5,'2019-01-05 17:54:40'),(8484,366,43,'NO',5,'2019-01-05 17:54:40'),(8485,366,44,'NO',5,'2019-01-05 17:54:40'),(8486,367,35,'LAC',5,'2019-01-05 17:54:40'),(8487,367,34,'IND',5,'2019-01-05 17:54:40'),(8488,367,37,'SEA',5,'2019-01-05 17:54:40'),(8489,367,36,'CHI',5,'2019-01-05 17:54:40'),(8490,367,38,'KC',5,'2019-01-05 17:54:40'),(8491,367,39,'NE',5,'2019-01-05 17:54:40'),(8492,367,40,'NO',5,'2019-01-05 17:54:40'),(8493,367,41,'LAR',5,'2019-01-05 17:54:40'),(8494,367,42,'NE',5,'2019-01-05 17:54:40'),(8495,367,43,'NO',5,'2019-01-05 17:54:40'),(8496,367,44,'NO',5,'2019-01-05 17:54:40'),(8497,368,35,'LAC',5,'2019-01-05 17:54:40'),(8498,368,34,'HOU',5,'2019-01-05 17:54:40'),(8499,368,37,'SEA',5,'2019-01-05 17:54:40'),(8500,368,36,'PHI',5,'2019-01-05 17:54:40'),(8501,368,38,'KC',5,'2019-01-05 17:54:40'),(8502,368,39,'NE',5,'2019-01-05 17:54:40'),(8503,368,40,'NO',5,'2019-01-05 17:54:40'),(8504,368,41,'LAR',5,'2019-01-05 17:54:40'),(8505,368,42,'KC',5,'2019-01-05 17:54:40'),(8506,368,43,'NO',5,'2019-01-05 17:54:40'),(8507,368,44,'NO',5,'2019-01-05 17:54:40'),(8508,369,35,'LAC',5,'2019-01-05 17:54:40'),(8509,369,34,'HOU',5,'2019-01-05 17:54:40'),(8510,369,37,'DAL',5,'2019-01-05 17:54:40'),(8511,369,36,'CHI',5,'2019-01-05 17:54:40'),(8512,369,38,'LAC',5,'2019-01-05 17:54:40'),(8513,369,39,'NE',5,'2019-01-05 17:54:40'),(8514,369,40,'NO',5,'2019-01-05 17:54:40'),(8515,369,41,'CHI',5,'2019-01-05 17:54:40'),(8516,369,42,'NE',5,'2019-01-05 17:54:40'),(8517,369,43,'NO',5,'2019-01-05 17:54:40'),(8518,369,44,'NO',5,'2019-01-05 17:54:40'),(8519,370,35,'LAC',5,'2019-01-05 17:54:40'),(8520,370,34,'IND',5,'2019-01-05 17:54:40'),(8521,370,37,'DAL',5,'2019-01-05 17:54:40'),(8522,370,36,'CHI',5,'2019-01-05 17:54:40'),(8523,370,38,'KC',5,'2019-01-05 17:54:40'),(8524,370,39,'LAC',5,'2019-01-05 17:54:40'),(8525,370,40,'NO',5,'2019-01-05 17:54:40'),(8526,370,41,'LAR',5,'2019-01-05 17:54:40'),(8527,370,42,'LAC',5,'2019-01-05 17:54:40'),(8528,370,43,'NO',5,'2019-01-05 17:54:40'),(8529,370,44,'NO',5,'2019-01-05 17:54:40'),(8530,371,35,'BAL',5,'2019-01-05 17:54:40'),(8531,371,34,'HOU',5,'2019-01-05 17:54:40'),(8532,371,37,'DAL',5,'2019-01-05 17:54:40'),(8533,371,36,'CHI',5,'2019-01-05 17:54:40'),(8534,371,38,'KC',5,'2019-01-05 17:54:40'),(8535,371,39,'NE',5,'2019-01-05 17:54:40'),(8536,371,40,'NO',5,'2019-01-05 17:54:40'),(8537,371,41,'LAR',5,'2019-01-05 17:54:40'),(8538,371,42,'NE',5,'2019-01-05 17:54:40'),(8539,371,43,'NO',5,'2019-01-05 17:54:40'),(8540,371,44,'NO',5,'2019-01-05 17:54:40'),(8541,372,35,'LAC',5,'2019-01-05 17:54:40'),(8542,372,34,'HOU',5,'2019-01-05 17:54:40'),(8543,372,37,'SEA',5,'2019-01-05 17:54:40'),(8544,372,36,'CHI',5,'2019-01-05 17:54:40'),(8545,372,38,'LAC',5,'2019-01-05 17:54:40'),(8546,372,39,'NE',5,'2019-01-05 17:54:40'),(8547,372,40,'NO',5,'2019-01-05 17:54:40'),(8548,372,41,'LAR',5,'2019-01-05 17:54:40'),(8549,372,42,'LAC',5,'2019-01-05 17:54:40'),(8550,372,43,'LAR',5,'2019-01-05 17:54:40'),(8551,372,44,'LAC',5,'2019-01-05 17:54:40'),(8552,373,35,'BAL',5,'2019-01-05 17:54:40'),(8553,373,34,'HOU',5,'2019-01-05 17:54:40'),(8554,373,37,'SEA',5,'2019-01-05 17:54:40'),(8555,373,36,'CHI',5,'2019-01-05 17:54:40'),(8556,373,38,'BAL',5,'2019-01-05 17:54:40'),(8557,373,39,'NE',5,'2019-01-05 17:54:40'),(8558,373,40,'NO',5,'2019-01-05 17:54:40'),(8559,373,41,'CHI',5,'2019-01-05 17:54:40'),(8560,373,42,'BAL',5,'2019-01-05 17:54:40'),(8561,373,43,'NO',5,'2019-01-05 17:54:40'),(8562,373,44,'NO',5,'2019-01-05 17:54:40'),(8563,374,35,'BAL',5,'2019-01-05 17:54:40'),(8564,374,34,'IND',5,'2019-01-05 17:54:40'),(8565,374,37,'SEA',5,'2019-01-05 17:54:40'),(8566,374,36,'CHI',5,'2019-01-05 17:54:40'),(8567,374,38,'KC',5,'2019-01-05 17:54:40'),(8568,374,39,'BAL',5,'2019-01-05 17:54:40'),(8569,374,40,'SEA',5,'2019-01-05 17:54:40'),(8570,374,41,'LAR',5,'2019-01-05 17:54:40'),(8571,374,42,'KC',5,'2019-01-05 17:54:40'),(8572,374,43,'LAR',5,'2019-01-05 17:54:40'),(8573,374,44,'LAR',5,'2019-01-05 17:54:40'),(8574,375,35,'BAL',5,'2019-01-05 17:54:40'),(8575,375,34,'IND',5,'2019-01-05 17:54:40'),(8576,375,37,'DAL',5,'2019-01-05 17:54:40'),(8577,375,36,'CHI',5,'2019-01-05 17:54:40'),(8578,375,38,'KC',5,'2019-01-05 17:54:40'),(8579,375,39,'BAL',5,'2019-01-05 17:54:40'),(8580,375,40,'NO',5,'2019-01-05 17:54:40'),(8581,375,41,'LAR',5,'2019-01-05 17:54:40'),(8582,375,42,'KC',5,'2019-01-05 17:54:40'),(8583,375,43,'NO',5,'2019-01-05 17:54:40'),(8584,375,44,'NO',5,'2019-01-05 17:54:40'),(8585,376,35,'BAL',5,'2019-01-05 17:54:40'),(8586,376,34,'IND',5,'2019-01-05 17:54:40'),(8587,376,37,'SEA',5,'2019-01-05 17:54:40'),(8588,376,36,'CHI',5,'2019-01-05 17:54:40'),(8589,376,38,'KC',5,'2019-01-05 17:54:40'),(8590,376,39,'NE',5,'2019-01-05 17:54:40'),(8591,376,40,'NO',5,'2019-01-05 17:54:40'),(8592,376,41,'LAR',5,'2019-01-05 17:54:40'),(8593,376,42,'KC',5,'2019-01-05 17:54:40'),(8594,376,43,'NO',5,'2019-01-05 17:54:40'),(8595,376,44,'KC',5,'2019-01-05 17:54:40'),(8596,377,35,'LAC',5,'2019-01-05 17:54:40'),(8597,377,34,'IND',5,'2019-01-05 17:54:40'),(8598,377,37,'SEA',5,'2019-01-05 17:54:40'),(8599,377,36,'CHI',5,'2019-01-05 17:54:40'),(8600,377,38,'KC',5,'2019-01-05 17:54:40'),(8601,377,39,'NE',5,'2019-01-05 17:54:40'),(8602,377,40,'NO',5,'2019-01-05 17:54:40'),(8603,377,41,'CHI',5,'2019-01-05 17:54:40'),(8604,377,42,'NE',5,'2019-01-05 17:54:40'),(8605,377,43,'NO',5,'2019-01-05 17:54:40'),(8606,377,44,'NO',5,'2019-01-05 17:54:40'),(8607,378,35,'LAC',5,'2019-01-05 17:54:40'),(8608,378,34,'HOU',5,'2019-01-05 17:54:40'),(8609,378,37,'SEA',5,'2019-01-05 17:54:40'),(8610,378,36,'CHI',5,'2019-01-05 17:54:40'),(8611,378,38,'KC',5,'2019-01-05 17:54:40'),(8612,378,39,'NE',5,'2019-01-05 17:54:40'),(8613,378,40,'NO',5,'2019-01-05 17:54:40'),(8614,378,41,'CHI',5,'2019-01-05 17:54:40'),(8615,378,42,'KC',5,'2019-01-05 17:54:40'),(8616,378,43,'NO',5,'2019-01-05 17:54:40'),(8617,378,44,'NO',5,'2019-01-05 17:54:40'),(8618,379,35,'BAL',5,'2019-01-05 17:54:40'),(8619,379,34,'IND',5,'2019-01-05 17:54:40'),(8620,379,37,'DAL',5,'2019-01-05 17:54:40'),(8621,379,36,'CHI',5,'2019-01-05 17:54:40'),(8622,379,38,'KC',5,'2019-01-05 17:54:40'),(8623,379,39,'NE',5,'2019-01-05 17:54:40'),(8624,379,40,'NO',5,'2019-01-05 17:54:40'),(8625,379,41,'CHI',5,'2019-01-05 17:54:40'),(8626,379,42,'KC',5,'2019-01-05 17:54:40'),(8627,379,43,'NO',5,'2019-01-05 17:54:40'),(8628,379,44,'NO',5,'2019-01-05 17:54:40'),(8629,380,35,'BAL',5,'2019-01-05 17:54:40'),(8630,380,34,'HOU',5,'2019-01-05 17:54:40'),(8631,380,37,'SEA',5,'2019-01-05 17:54:40'),(8632,380,36,'PHI',5,'2019-01-05 17:54:40'),(8633,380,38,'BAL',5,'2019-01-05 17:54:40'),(8634,380,39,'NE',5,'2019-01-05 17:54:40'),(8635,380,40,'NO',5,'2019-01-05 17:54:40'),(8636,380,41,'LAR',5,'2019-01-05 17:54:40'),(8637,380,42,'BAL',5,'2019-01-05 17:54:40'),(8638,380,43,'LAR',5,'2019-01-05 17:54:40'),(8639,380,44,'LAR',5,'2019-01-05 17:54:40'),(8640,381,35,'LAC',5,'2019-01-05 17:54:40'),(8641,381,34,'IND',5,'2019-01-05 17:54:40'),(8642,381,37,'SEA',5,'2019-01-05 17:54:40'),(8643,381,36,'CHI',5,'2019-01-05 17:54:40'),(8644,381,38,'KC',5,'2019-01-05 17:54:40'),(8645,381,39,'NE',5,'2019-01-05 17:54:40'),(8646,381,40,'NO',5,'2019-01-05 17:54:40'),(8647,381,41,'CHI',5,'2019-01-05 17:54:40'),(8648,381,42,'KC',5,'2019-01-05 17:54:40'),(8649,381,43,'CHI',5,'2019-01-05 17:54:40'),(8650,381,44,'CHI',5,'2019-01-05 17:54:40'),(8651,382,35,'BAL',5,'2019-01-05 17:54:40'),(8652,382,34,'IND',5,'2019-01-05 17:54:40'),(8653,382,37,'SEA',5,'2019-01-05 17:54:40'),(8654,382,36,'CHI',5,'2019-01-05 17:54:40'),(8655,382,38,'KC',5,'2019-01-05 17:54:40'),(8656,382,39,'BAL',5,'2019-01-05 17:54:40'),(8657,382,40,'NO',5,'2019-01-05 17:54:40'),(8658,382,41,'CHI',5,'2019-01-05 17:54:40'),(8659,382,42,'KC',5,'2019-01-05 17:54:40'),(8660,382,43,'NO',5,'2019-01-05 17:54:40'),(8661,382,44,'NO',5,'2019-01-05 17:54:40'),(8662,383,35,'BAL',5,'2019-01-05 17:54:40'),(8663,383,34,'HOU',5,'2019-01-05 17:54:40'),(8664,383,37,'DAL',5,'2019-01-05 17:54:40'),(8665,383,36,'PHI',5,'2019-01-05 17:54:40'),(8666,383,38,'KC',5,'2019-01-05 17:54:40'),(8667,383,39,'NE',5,'2019-01-05 17:54:40'),(8668,383,40,'NO',5,'2019-01-05 17:54:40'),(8669,383,41,'LAR',5,'2019-01-05 17:54:40'),(8670,383,42,'KC',5,'2019-01-05 17:54:40'),(8671,383,43,'NO',5,'2019-01-05 17:54:40'),(8672,383,44,'KC',5,'2019-01-05 17:54:41'),(8673,384,35,'BAL',5,'2019-01-05 17:54:41'),(8674,384,34,'IND',5,'2019-01-05 17:54:41'),(8675,384,37,'SEA',5,'2019-01-05 17:54:41'),(8676,384,36,'PHI',5,'2019-01-05 17:54:41'),(8677,384,38,'KC',5,'2019-01-05 17:54:41'),(8678,384,39,'NE',5,'2019-01-05 17:54:41'),(8679,384,40,'NO',5,'2019-01-05 17:54:41'),(8680,384,41,'LAR',5,'2019-01-05 17:54:41'),(8681,384,42,'KC',5,'2019-01-05 17:54:41'),(8682,384,43,'LAR',5,'2019-01-05 17:54:41'),(8683,384,44,'KC',5,'2019-01-05 17:54:41'),(8684,385,35,'LAC',5,'2019-01-05 17:54:41'),(8685,385,34,'HOU',5,'2019-01-05 17:54:41'),(8686,385,37,'DAL',5,'2019-01-05 17:54:41'),(8687,385,36,'PHI',5,'2019-01-05 17:54:41'),(8688,385,38,'KC',5,'2019-01-05 17:54:41'),(8689,385,39,'NE',5,'2019-01-05 17:54:41'),(8690,385,40,'NO',5,'2019-01-05 17:54:41'),(8691,385,41,'LAR',5,'2019-01-05 17:54:41'),(8692,385,42,'KC',5,'2019-01-05 17:54:41'),(8693,385,43,'NO',5,'2019-01-05 17:54:41'),(8694,385,44,'NO',5,'2019-01-05 17:54:41'),(8695,386,35,'BAL',5,'2019-01-05 17:54:41'),(8696,386,34,'IND',5,'2019-01-05 17:54:41'),(8697,386,37,'SEA',5,'2019-01-05 17:54:41'),(8698,386,36,'CHI',5,'2019-01-05 17:54:41'),(8699,386,38,'KC',5,'2019-01-05 17:54:41'),(8700,386,39,'NE',5,'2019-01-05 17:54:41'),(8701,386,40,'NO',5,'2019-01-05 17:54:41'),(8702,386,41,'LAR',5,'2019-01-05 17:54:41'),(8703,386,42,'KC',5,'2019-01-05 17:54:41'),(8704,386,43,'LAR',5,'2019-01-05 17:54:41'),(8705,386,44,'LAR',5,'2019-01-05 17:54:41'),(8706,387,56,'IND',1,'2019-01-13 17:12:02'),(8707,387,57,'PIT',1,'2019-01-13 17:12:02'),(8708,387,58,'CAR',1,'2019-01-13 17:12:02'),(8709,387,59,'DAL',1,'2019-01-13 17:12:02'),(8710,387,60,'NE',1,'2019-01-13 17:12:02'),(8711,387,61,'DEN',1,'2019-01-13 17:12:02'),(8712,387,62,'SEA',1,'2019-01-13 17:12:02'),(8713,387,63,'DAL',1,'2019-01-13 17:12:02'),(8714,387,64,'DEN',1,'2019-01-13 17:12:02'),(8715,387,65,'SEA',1,'2019-01-13 17:12:02'),(8716,387,66,'SEA',1,'2019-01-13 17:12:02'),(8717,388,56,'IND',1,'2019-01-13 17:12:02'),(8718,388,57,'PIT',1,'2019-01-13 17:12:02'),(8719,388,58,'CAR',1,'2019-01-13 17:12:02'),(8720,388,59,'DAL',1,'2019-01-13 17:12:02'),(8721,388,60,'NE',1,'2019-01-13 17:12:02'),(8722,388,61,'DEN',1,'2019-01-13 17:12:02'),(8723,388,62,'SEA',1,'2019-01-13 17:12:02'),(8724,388,63,'DAL',1,'2019-01-13 17:12:02'),(8725,388,64,'NE',1,'2019-01-13 17:12:02'),(8726,388,65,'DAL',1,'2019-01-13 17:12:02'),(8727,388,66,'NE',1,'2019-01-13 17:12:02'),(8728,389,56,'IND',1,'2019-01-13 17:12:02'),(8729,389,57,'PIT',1,'2019-01-13 17:12:02'),(8730,389,58,'ARZ',1,'2019-01-13 17:12:02'),(8731,389,59,'DAL',1,'2019-01-13 17:12:02'),(8732,389,60,'IND',1,'2019-01-13 17:12:02'),(8733,389,61,'DEN',1,'2019-01-13 17:12:02'),(8734,389,62,'SEA',1,'2019-01-13 17:12:02'),(8735,389,63,'GB',1,'2019-01-13 17:12:02'),(8736,389,64,'IND',1,'2019-01-13 17:12:02'),(8737,389,65,'SEA',1,'2019-01-13 17:12:02'),(8738,389,66,'IND',1,'2019-01-13 17:12:02'),(8739,390,56,'IND',1,'2019-01-13 17:12:02'),(8740,390,57,'PIT',1,'2019-01-13 17:12:02'),(8741,390,58,'CAR',1,'2019-01-13 17:12:02'),(8742,390,59,'DET',1,'2019-01-13 17:12:02'),(8743,390,60,'NE',1,'2019-01-13 17:12:02'),(8744,390,61,'DEN',1,'2019-01-13 17:12:02'),(8745,390,62,'SEA',1,'2019-01-13 17:12:02'),(8746,390,63,'GB',1,'2019-01-13 17:12:02'),(8747,390,64,'NE',1,'2019-01-13 17:12:02'),(8748,390,65,'GB',1,'2019-01-13 17:12:02'),(8749,390,66,'NE',1,'2019-01-13 17:12:02'),(8750,391,56,'CIN',1,'2019-01-13 17:12:02'),(8751,391,57,'PIT',1,'2019-01-13 17:12:02'),(8752,391,58,'CAR',1,'2019-01-13 17:12:02'),(8753,391,59,'DAL',1,'2019-01-13 17:12:02'),(8754,391,60,'NE',1,'2019-01-13 17:12:02'),(8755,391,61,'PIT',1,'2019-01-13 17:12:02'),(8756,391,62,'SEA',1,'2019-01-13 17:12:02'),(8757,391,63,'DAL',1,'2019-01-13 17:12:02'),(8758,391,64,'NE',1,'2019-01-13 17:12:02'),(8759,391,65,'DAL',1,'2019-01-13 17:12:02'),(8760,391,66,'NE',1,'2019-01-13 17:12:02'),(8761,392,56,'IND',1,'2019-01-13 17:12:02'),(8762,392,57,'PIT',1,'2019-01-13 17:12:02'),(8763,392,58,'ARZ',1,'2019-01-13 17:12:02'),(8764,392,59,'DAL',1,'2019-01-13 17:12:02'),(8765,392,60,'NE',1,'2019-01-13 17:12:02'),(8766,392,61,'DEN',1,'2019-01-13 17:12:02'),(8767,392,62,'SEA',1,'2019-01-13 17:12:02'),(8768,392,63,'DAL',1,'2019-01-13 17:12:02'),(8769,392,64,'NE',1,'2019-01-13 17:12:02'),(8770,392,65,'SEA',1,'2019-01-13 17:12:02'),(8771,392,66,'NE',1,'2019-01-13 17:12:02'),(8772,393,56,'CIN',1,'2019-01-13 17:12:02'),(8773,393,57,'BAL',1,'2019-01-13 17:12:02'),(8774,393,58,'CAR',1,'2019-01-13 17:12:02'),(8775,393,59,'DAL',1,'2019-01-13 17:12:02'),(8776,393,60,'NE',1,'2019-01-13 17:12:02'),(8777,393,61,'DEN',1,'2019-01-13 17:12:02'),(8778,393,62,'SEA',1,'2019-01-13 17:12:02'),(8779,393,63,'GB',1,'2019-01-13 17:12:02'),(8780,393,64,'NE',1,'2019-01-13 17:12:02'),(8781,393,65,'GB',1,'2019-01-13 17:12:02'),(8782,393,66,'NE',1,'2019-01-13 17:12:02'),(8783,394,56,'CIN',1,'2019-01-13 17:12:02'),(8784,394,57,'PIT',1,'2019-01-13 17:12:02'),(8785,394,58,'ARZ',1,'2019-01-13 17:12:02'),(8786,394,59,'DAL',1,'2019-01-13 17:12:02'),(8787,394,60,'NE',1,'2019-01-13 17:12:02'),(8788,394,61,'PIT',1,'2019-01-13 17:12:02'),(8789,394,62,'SEA',1,'2019-01-13 17:12:02'),(8790,394,63,'GB',1,'2019-01-13 17:12:02'),(8791,394,64,'PIT',1,'2019-01-13 17:12:02'),(8792,394,65,'SEA',1,'2019-01-13 17:12:02'),(8793,394,66,'SEA',1,'2019-01-13 17:12:02'),(8794,395,56,'IND',1,'2019-01-13 17:12:02'),(8795,395,57,'BAL',1,'2019-01-13 17:12:02'),(8796,395,58,'CAR',1,'2019-01-13 17:12:02'),(8797,395,59,'DAL',1,'2019-01-13 17:12:02'),(8798,395,60,'BAL',1,'2019-01-13 17:12:02'),(8799,395,61,'IND',1,'2019-01-13 17:12:02'),(8800,395,62,'SEA',1,'2019-01-13 17:12:02'),(8801,395,63,'GB',1,'2019-01-13 17:12:02'),(8802,395,64,'BAL',1,'2019-01-13 17:12:02'),(8803,395,65,'SEA',1,'2019-01-13 17:12:02'),(8804,395,66,'SEA',1,'2019-01-13 17:12:02'),(8805,396,56,'IND',1,'2019-01-13 17:12:02'),(8806,396,57,'PIT',1,'2019-01-13 17:12:02'),(8807,396,58,'CAR',1,'2019-01-13 17:12:02'),(8808,396,59,'DAL',1,'2019-01-13 17:12:02'),(8809,396,60,'NE',1,'2019-01-13 17:12:02'),(8810,396,61,'PIT',1,'2019-01-13 17:12:02'),(8811,396,62,'SEA',1,'2019-01-13 17:12:02'),(8812,396,63,'GB',1,'2019-01-13 17:12:02'),(8813,396,64,'NE',1,'2019-01-13 17:12:02'),(8814,396,65,'GB',1,'2019-01-13 17:12:02'),(8815,396,66,'GB',1,'2019-01-13 17:12:02'),(8816,397,56,'IND',1,'2019-01-13 17:12:02'),(8817,397,57,'PIT',1,'2019-01-13 17:12:02'),(8818,397,58,'CAR',1,'2019-01-13 17:12:02'),(8819,397,59,'DAL',1,'2019-01-13 17:12:02'),(8820,397,60,'NE',1,'2019-01-13 17:12:02'),(8821,397,61,'DEN',1,'2019-01-13 17:12:02'),(8822,397,62,'SEA',1,'2019-01-13 17:12:02'),(8823,397,63,'DAL',1,'2019-01-13 17:12:02'),(8824,397,64,'NE',1,'2019-01-13 17:12:02'),(8825,397,65,'DAL',1,'2019-01-13 17:12:02'),(8826,397,66,'DAL',1,'2019-01-13 17:12:02'),(8827,398,56,'CIN',1,'2019-01-13 17:12:02'),(8828,398,57,'PIT',1,'2019-01-13 17:12:02'),(8829,398,58,'CAR',1,'2019-01-13 17:12:02'),(8830,398,59,'DAL',1,'2019-01-13 17:12:02'),(8831,398,60,'NE',1,'2019-01-13 17:12:02'),(8832,398,61,'PIT',1,'2019-01-13 17:12:02'),(8833,398,62,'SEA',1,'2019-01-13 17:12:02'),(8834,398,63,'GB',1,'2019-01-13 17:12:02'),(8835,398,64,'NE',1,'2019-01-13 17:12:02'),(8836,398,65,'SEA',1,'2019-01-13 17:12:02'),(8837,398,66,'NE',1,'2019-01-13 17:12:02'),(8838,399,56,'CIN',1,'2019-01-13 17:12:02'),(8839,399,57,'PIT',1,'2019-01-13 17:12:02'),(8840,399,58,'CAR',1,'2019-01-13 17:12:02'),(8841,399,59,'DAL',1,'2019-01-13 17:12:02'),(8842,399,60,'NE',1,'2019-01-13 17:12:02'),(8843,399,61,'DEN',1,'2019-01-13 17:12:02'),(8844,399,62,'SEA',1,'2019-01-13 17:12:02'),(8845,399,63,'DAL',1,'2019-01-13 17:12:02'),(8846,399,64,'NE',1,'2019-01-13 17:12:02'),(8847,399,65,'SEA',1,'2019-01-13 17:12:02'),(8848,399,66,'SEA',1,'2019-01-13 17:12:02'),(8849,400,56,'IND',1,'2019-01-13 17:12:02'),(8850,400,57,'PIT',1,'2019-01-13 17:12:02'),(8851,400,58,'CAR',1,'2019-01-13 17:12:02'),(8852,400,59,'DAL',1,'2019-01-13 17:12:02'),(8853,400,60,'NE',1,'2019-01-13 17:12:02'),(8854,400,61,'DEN',1,'2019-01-13 17:12:02'),(8855,400,62,'SEA',1,'2019-01-13 17:12:02'),(8856,400,63,'GB',1,'2019-01-13 17:12:02'),(8857,400,64,'DEN',1,'2019-01-13 17:12:02'),(8858,400,65,'SEA',1,'2019-01-13 17:12:02'),(8859,400,66,'SEA',1,'2019-01-13 17:12:02'),(8860,401,56,'IND',1,'2019-01-13 17:12:02'),(8861,401,57,'PIT',1,'2019-01-13 17:12:02'),(8862,401,58,'CAR',1,'2019-01-13 17:12:02'),(8863,401,59,'DAL',1,'2019-01-13 17:12:02'),(8864,401,60,'IND',1,'2019-01-13 17:12:02'),(8865,401,61,'DEN',1,'2019-01-13 17:12:02'),(8866,401,62,'SEA',1,'2019-01-13 17:12:02'),(8867,401,63,'GB',1,'2019-01-13 17:12:02'),(8868,401,64,'DEN',1,'2019-01-13 17:12:02'),(8869,401,65,'GB',1,'2019-01-13 17:12:02'),(8870,401,66,'GB',1,'2019-01-13 17:12:02'),(8871,402,56,'IND',1,'2019-01-13 17:12:02'),(8872,402,57,'PIT',1,'2019-01-13 17:12:02'),(8873,402,58,'CAR',1,'2019-01-13 17:12:02'),(8874,402,59,'DAL',1,'2019-01-13 17:12:02'),(8875,402,60,'NE',1,'2019-01-13 17:12:02'),(8876,402,61,'DEN',1,'2019-01-13 17:12:02'),(8877,402,62,'CAR',1,'2019-01-13 17:12:02'),(8878,402,63,'GB',1,'2019-01-13 17:12:02'),(8879,402,64,'DEN',1,'2019-01-13 17:12:02'),(8880,402,65,'GB',1,'2019-01-13 17:12:02'),(8881,402,66,'GB',1,'2019-01-13 17:12:02'),(8882,403,56,'IND',1,'2019-01-13 17:12:02'),(8883,403,57,'PIT',1,'2019-01-13 17:12:02'),(8884,403,58,'CAR',1,'2019-01-13 17:12:02'),(8885,403,59,'DAL',1,'2019-01-13 17:12:02'),(8886,403,60,'NE',1,'2019-01-13 17:12:02'),(8887,403,61,'DEN',1,'2019-01-13 17:12:02'),(8888,403,62,'SEA',1,'2019-01-13 17:12:02'),(8889,403,63,'GB',1,'2019-01-13 17:12:02'),(8890,403,64,'NE',1,'2019-01-13 17:12:02'),(8891,403,65,'SEA',1,'2019-01-13 17:12:02'),(8892,403,66,'SEA',1,'2019-01-13 17:12:02'),(8893,404,56,'IND',1,'2019-01-13 17:12:02'),(8894,404,57,'BAL',1,'2019-01-13 17:12:02'),(8895,404,58,'CAR',1,'2019-01-13 17:12:02'),(8896,404,59,'DAL',1,'2019-01-13 17:12:02'),(8897,404,60,'NE',1,'2019-01-13 17:12:02'),(8898,404,61,'DEN',1,'2019-01-13 17:12:02'),(8899,404,62,'SEA',1,'2019-01-13 17:12:02'),(8900,404,63,'GB',1,'2019-01-13 17:12:02'),(8901,404,64,'NE',1,'2019-01-13 17:12:02'),(8902,404,65,'GB',1,'2019-01-13 17:12:02'),(8903,404,66,'GB',1,'2019-01-13 17:12:02'),(8904,405,56,'IND',1,'2019-01-13 17:12:02'),(8905,405,57,'BAL',1,'2019-01-13 17:12:02'),(8906,405,58,'CAR',1,'2019-01-13 17:12:02'),(8907,405,59,'DAL',1,'2019-01-13 17:12:02'),(8908,405,60,'NE',1,'2019-01-13 17:12:02'),(8909,405,61,'DEN',1,'2019-01-13 17:12:02'),(8910,405,62,'SEA',1,'2019-01-13 17:12:02'),(8911,405,63,'GB',1,'2019-01-13 17:12:02'),(8912,405,64,'NE',1,'2019-01-13 17:12:02'),(8913,405,65,'GB',1,'2019-01-13 17:12:02'),(8914,405,66,'NE',1,'2019-01-13 17:12:02'),(8915,406,56,'IND',1,'2019-01-13 17:12:02'),(8916,406,57,'PIT',1,'2019-01-13 17:12:02'),(8917,406,58,'CAR',1,'2019-01-13 17:12:02'),(8918,406,59,'DAL',1,'2019-01-13 17:12:02'),(8919,406,60,'NE',1,'2019-01-13 17:12:02'),(8920,406,61,'PIT',1,'2019-01-13 17:12:02'),(8921,406,62,'SEA',1,'2019-01-13 17:12:02'),(8922,406,63,'GB',1,'2019-01-13 17:12:02'),(8923,406,64,'NE',1,'2019-01-13 17:12:02'),(8924,406,65,'SEA',1,'2019-01-13 17:12:02'),(8925,406,66,'SEA',1,'2019-01-13 17:12:02'),(8926,407,56,'IND',1,'2019-01-13 17:12:02'),(8927,407,57,'PIT',1,'2019-01-13 17:12:02'),(8928,407,58,'CAR',1,'2019-01-13 17:12:02'),(8929,407,59,'DAL',1,'2019-01-13 17:12:02'),(8930,407,60,'NE',1,'2019-01-13 17:12:02'),(8931,407,61,'PIT',1,'2019-01-13 17:12:02'),(8932,407,62,'SEA',1,'2019-01-13 17:12:02'),(8933,407,63,'DAL',1,'2019-01-13 17:12:02'),(8934,407,64,'NE',1,'2019-01-13 17:12:02'),(8935,407,65,'DAL',1,'2019-01-13 17:12:02'),(8936,407,66,'DAL',1,'2019-01-13 17:12:02'),(8937,408,56,'IND',1,'2019-01-13 17:12:02'),(8938,408,57,'PIT',1,'2019-01-13 17:12:02'),(8939,408,58,'ARZ',1,'2019-01-13 17:12:02'),(8940,408,59,'DAL',1,'2019-01-13 17:12:02'),(8941,408,60,'NE',1,'2019-01-13 17:12:02'),(8942,408,61,'DEN',1,'2019-01-13 17:12:02'),(8943,408,62,'SEA',1,'2019-01-13 17:12:02'),(8944,408,63,'GB',1,'2019-01-13 17:12:02'),(8945,408,64,'NE',1,'2019-01-13 17:12:02'),(8946,408,65,'GB',1,'2019-01-13 17:12:02'),(8947,408,66,'NE',1,'2019-01-13 17:12:02'),(8948,409,56,'IND',1,'2019-01-13 17:12:02'),(8949,409,57,'PIT',1,'2019-01-13 17:12:02'),(8950,409,58,'ARZ',1,'2019-01-13 17:12:02'),(8951,409,59,'DAL',1,'2019-01-13 17:12:02'),(8952,409,60,'NE',1,'2019-01-13 17:12:02'),(8953,409,61,'PIT',1,'2019-01-13 17:12:02'),(8954,409,62,'SEA',1,'2019-01-13 17:12:02'),(8955,409,63,'GB',1,'2019-01-13 17:12:02'),(8956,409,64,'NE',1,'2019-01-13 17:12:03'),(8957,409,65,'GB',1,'2019-01-13 17:12:03'),(8958,409,66,'NE',1,'2019-01-13 17:12:03'),(8959,410,56,'IND',1,'2019-01-13 17:12:03'),(8960,410,57,'PIT',1,'2019-01-13 17:12:03'),(8961,410,58,'CAR',1,'2019-01-13 17:12:03'),(8962,410,59,'DAL',1,'2019-01-13 17:12:03'),(8963,410,60,'NE',1,'2019-01-13 17:12:03'),(8964,410,61,'DEN',1,'2019-01-13 17:12:03'),(8965,410,62,'SEA',1,'2019-01-13 17:12:03'),(8966,410,63,'DAL',1,'2019-01-13 17:12:03'),(8967,410,64,'NE',1,'2019-01-13 17:12:03'),(8968,410,65,'SEA',1,'2019-01-13 17:12:03'),(8969,410,66,'NE',1,'2019-01-13 17:12:03'),(8970,411,56,'IND',1,'2019-01-13 17:12:03'),(8971,411,57,'PIT',1,'2019-01-13 17:12:03'),(8972,411,58,'ARZ',1,'2019-01-13 17:12:03'),(8973,411,59,'DET',1,'2019-01-13 17:12:03'),(8974,411,60,'NE',1,'2019-01-13 17:12:03'),(8975,411,61,'PIT',1,'2019-01-13 17:12:03'),(8976,411,62,'SEA',1,'2019-01-13 17:12:03'),(8977,411,63,'GB',1,'2019-01-13 17:12:03'),(8978,411,64,'NE',1,'2019-01-13 17:12:03'),(8979,411,65,'SEA',1,'2019-01-13 17:12:03'),(8980,411,66,'SEA',1,'2019-01-13 17:12:03'),(8981,412,56,'CIN',1,'2019-01-13 17:12:03'),(8982,412,57,'PIT',1,'2019-01-13 17:12:03'),(8983,412,58,'CAR',1,'2019-01-13 17:12:03'),(8984,412,59,'DAL',1,'2019-01-13 17:12:03'),(8985,412,60,'NE',1,'2019-01-13 17:12:03'),(8986,412,61,'DEN',1,'2019-01-13 17:12:03'),(8987,412,62,'SEA',1,'2019-01-13 17:12:03'),(8988,412,63,'GB',1,'2019-01-13 17:12:03'),(8989,412,64,'NE',1,'2019-01-13 17:12:03'),(8990,412,65,'GB',1,'2019-01-13 17:12:03'),(8991,412,66,'GB',1,'2019-01-13 17:12:03'),(8992,413,56,'IND',1,'2019-01-13 17:12:03'),(8993,413,57,'PIT',1,'2019-01-13 17:12:03'),(8994,413,58,'CAR',1,'2019-01-13 17:12:03'),(8995,413,59,'DAL',1,'2019-01-13 17:12:03'),(8996,413,60,'NE',1,'2019-01-13 17:12:03'),(8997,413,61,'PIT',1,'2019-01-13 17:12:03'),(8998,413,62,'SEA',1,'2019-01-13 17:12:03'),(8999,413,63,'GB',1,'2019-01-13 17:12:03'),(9000,413,64,'NE',1,'2019-01-13 17:12:03'),(9001,413,65,'GB',1,'2019-01-13 17:12:03'),(9002,413,66,'GB',1,'2019-01-13 17:12:03'),(9003,414,56,'IND',1,'2019-01-13 17:12:03'),(9004,414,57,'PIT',1,'2019-01-13 17:12:03'),(9005,414,58,'CAR',1,'2019-01-13 17:12:03'),(9006,414,59,'DAL',1,'2019-01-13 17:12:03'),(9007,414,60,'NE',1,'2019-01-13 17:12:03'),(9008,414,61,'DEN',1,'2019-01-13 17:12:03'),(9009,414,62,'SEA',1,'2019-01-13 17:12:03'),(9010,414,63,'GB',1,'2019-01-13 17:12:03'),(9011,414,64,'NE',1,'2019-01-13 17:12:03'),(9012,414,65,'SEA',1,'2019-01-13 17:12:03'),(9013,414,66,'NE',1,'2019-01-13 17:12:03'),(9014,415,56,'IND',1,'2019-01-13 17:12:03'),(9015,415,57,'BAL',1,'2019-01-13 17:12:03'),(9016,415,58,'ARZ',1,'2019-01-13 17:12:03'),(9017,415,59,'DAL',1,'2019-01-13 17:12:03'),(9018,415,60,'NE',1,'2019-01-13 17:12:03'),(9019,415,61,'DEN',1,'2019-01-13 17:12:03'),(9020,415,62,'SEA',1,'2019-01-13 17:12:03'),(9021,415,63,'GB',1,'2019-01-13 17:12:03'),(9022,415,64,'DEN',1,'2019-01-13 17:12:03'),(9023,415,65,'GB',1,'2019-01-13 17:12:03'),(9024,415,66,'DEN',1,'2019-01-13 17:12:03'),(9025,416,56,'IND',1,'2019-01-13 17:12:03'),(9026,416,57,'PIT',1,'2019-01-13 17:12:03'),(9027,416,58,'CAR',1,'2019-01-13 17:12:03'),(9028,416,59,'DAL',1,'2019-01-13 17:12:03'),(9029,416,60,'NE',1,'2019-01-13 17:12:03'),(9030,416,61,'DEN',1,'2019-01-13 17:12:03'),(9031,416,62,'SEA',1,'2019-01-13 17:12:03'),(9032,416,63,'GB',1,'2019-01-13 17:12:03'),(9033,416,64,'NE',1,'2019-01-13 17:12:03'),(9034,416,65,'GB',1,'2019-01-13 17:12:03'),(9035,416,66,'GB',1,'2019-01-13 17:12:03'),(9036,417,56,'IND',1,'2019-01-13 17:12:03'),(9037,417,57,'PIT',1,'2019-01-13 17:12:03'),(9038,417,58,'ARZ',1,'2019-01-13 17:12:03'),(9039,417,59,'DAL',1,'2019-01-13 17:12:03'),(9040,417,60,'NE',1,'2019-01-13 17:12:03'),(9041,417,61,'DEN',1,'2019-01-13 17:12:03'),(9042,417,62,'SEA',1,'2019-01-13 17:12:03'),(9043,417,63,'DAL',1,'2019-01-13 17:12:03'),(9044,417,64,'DEN',1,'2019-01-13 17:12:03'),(9045,417,65,'SEA',1,'2019-01-13 17:12:03'),(9046,417,66,'DEN',1,'2019-01-13 17:12:03'),(9047,418,56,'CIN',1,'2019-01-13 17:12:03'),(9048,418,57,'PIT',1,'2019-01-13 17:12:03'),(9049,418,58,'CAR',1,'2019-01-13 17:12:03'),(9050,418,59,'DET',1,'2019-01-13 17:12:03'),(9051,418,60,'NE',1,'2019-01-13 17:12:03'),(9052,418,61,'PIT',1,'2019-01-13 17:12:03'),(9053,418,62,'SEA',1,'2019-01-13 17:12:03'),(9054,418,63,'GB',1,'2019-01-13 17:12:03'),(9055,418,64,'PIT',1,'2019-01-13 17:12:03'),(9056,418,65,'SEA',1,'2019-01-13 17:12:03'),(9057,418,66,'SEA',1,'2019-01-13 17:12:03'),(9058,419,56,'CIN',1,'2019-01-13 17:12:03'),(9059,419,57,'PIT',1,'2019-01-13 17:12:03'),(9060,419,58,'ARZ',1,'2019-01-13 17:12:03'),(9061,419,59,'DAL',1,'2019-01-13 17:12:03'),(9062,419,60,'NE',1,'2019-01-13 17:12:03'),(9063,419,61,'DEN',1,'2019-01-13 17:12:03'),(9064,419,62,'SEA',1,'2019-01-13 17:12:03'),(9065,419,63,'GB',1,'2019-01-13 17:12:03'),(9066,419,64,'DEN',1,'2019-01-13 17:12:03'),(9067,419,65,'SEA',1,'2019-01-13 17:12:03'),(9068,419,66,'SEA',1,'2019-01-13 17:12:03'),(9069,420,56,'IND',1,'2019-01-13 17:12:03'),(9070,420,57,'PIT',1,'2019-01-13 17:12:03'),(9071,420,58,'ARZ',1,'2019-01-13 17:12:03'),(9072,420,59,'DET',1,'2019-01-13 17:12:03'),(9073,420,60,'NE',1,'2019-01-13 17:12:03'),(9074,420,61,'DEN',1,'2019-01-13 17:12:03'),(9075,420,62,'SEA',1,'2019-01-13 17:12:03'),(9076,420,63,'GB',1,'2019-01-13 17:12:03'),(9077,420,64,'DEN',1,'2019-01-13 17:12:03'),(9078,420,65,'GB',1,'2019-01-13 17:12:03'),(9079,420,66,'DEN',1,'2019-01-13 17:12:03'),(9080,421,56,'IND',1,'2019-01-13 17:12:03'),(9081,421,57,'PIT',1,'2019-01-13 17:12:03'),(9082,421,58,'CAR',1,'2019-01-13 17:12:03'),(9083,421,59,'DET',1,'2019-01-13 17:12:03'),(9084,421,60,'IND',1,'2019-01-13 17:12:03'),(9085,421,61,'PIT',1,'2019-01-13 17:12:03'),(9086,421,62,'DET',1,'2019-01-13 17:12:03'),(9087,421,63,'GB',1,'2019-01-13 17:12:03'),(9088,421,64,'PIT',1,'2019-01-13 17:12:03'),(9089,421,65,'GB',1,'2019-01-13 17:12:03'),(9090,421,66,'PIT',1,'2019-01-13 17:12:03'),(9091,422,56,'IND',1,'2019-01-13 17:12:03'),(9092,422,57,'PIT',1,'2019-01-13 17:12:03'),(9093,422,58,'ARZ',1,'2019-01-13 17:12:03'),(9094,422,59,'DAL',1,'2019-01-13 17:12:03'),(9095,422,60,'NE',1,'2019-01-13 17:12:03'),(9096,422,61,'DEN',1,'2019-01-13 17:12:03'),(9097,422,62,'SEA',1,'2019-01-13 17:12:03'),(9098,422,63,'GB',1,'2019-01-13 17:12:03'),(9099,422,64,'NE',1,'2019-01-13 17:12:03'),(9100,422,65,'GB',1,'2019-01-13 17:12:03'),(9101,422,66,'GB',1,'2019-01-13 17:12:03'),(9102,423,56,'IND',1,'2019-01-13 17:12:03'),(9103,423,57,'PIT',1,'2019-01-13 17:12:03'),(9104,423,58,'CAR',1,'2019-01-13 17:12:03'),(9105,423,59,'DAL',1,'2019-01-13 17:12:03'),(9106,423,60,'NE',1,'2019-01-13 17:12:03'),(9107,423,61,'PIT',1,'2019-01-13 17:12:03'),(9108,423,62,'SEA',1,'2019-01-13 17:12:03'),(9109,423,63,'GB',1,'2019-01-13 17:12:03'),(9110,423,64,'NE',1,'2019-01-13 17:12:03'),(9111,423,65,'SEA',1,'2019-01-13 17:12:03'),(9112,423,66,'NE',1,'2019-01-13 17:12:03'),(9113,424,56,'IND',1,'2019-01-13 17:12:03'),(9114,424,57,'PIT',1,'2019-01-13 17:12:03'),(9115,424,58,'CAR',1,'2019-01-13 17:12:03'),(9116,424,59,'DAL',1,'2019-01-13 17:12:03'),(9117,424,60,'NE',1,'2019-01-13 17:12:03'),(9118,424,61,'PIT',1,'2019-01-13 17:12:03'),(9119,424,62,'SEA',1,'2019-01-13 17:12:03'),(9120,424,63,'GB',1,'2019-01-13 17:12:03'),(9121,424,64,'NE',1,'2019-01-13 17:12:03'),(9122,424,65,'SEA',1,'2019-01-13 17:12:03'),(9123,424,66,'SEA',1,'2019-01-13 17:12:03'),(9124,425,56,'IND',1,'2019-01-13 17:12:03'),(9125,425,57,'PIT',1,'2019-01-13 17:12:03'),(9126,425,58,'CAR',1,'2019-01-13 17:12:03'),(9127,425,59,'DAL',1,'2019-01-13 17:12:03'),(9128,425,60,'NE',1,'2019-01-13 17:12:03'),(9129,425,61,'DEN',1,'2019-01-13 17:12:03'),(9130,425,62,'SEA',1,'2019-01-13 17:12:03'),(9131,425,63,'GB',1,'2019-01-13 17:12:03'),(9132,425,64,'DEN',1,'2019-01-13 17:12:03'),(9133,425,65,'GB',1,'2019-01-13 17:12:03'),(9134,425,66,'GB',1,'2019-01-13 17:12:03'),(9135,426,56,'IND',1,'2019-01-13 17:12:03'),(9136,426,57,'PIT',1,'2019-01-13 17:12:03'),(9137,426,58,'CAR',1,'2019-01-13 17:12:03'),(9138,426,59,'DAL',1,'2019-01-13 17:12:03'),(9139,426,60,'NE',1,'2019-01-13 17:12:03'),(9140,426,61,'DEN',1,'2019-01-13 17:12:03'),(9141,426,62,'SEA',1,'2019-01-13 17:12:03'),(9142,426,63,'DAL',1,'2019-01-13 17:12:03'),(9143,426,64,'NE',1,'2019-01-13 17:12:03'),(9144,426,65,'DAL',1,'2019-01-13 17:12:03'),(9145,426,66,'NE',1,'2019-01-13 17:12:03'),(9146,427,56,'CIN',1,'2019-01-13 17:12:03'),(9147,427,57,'PIT',1,'2019-01-13 17:12:03'),(9148,427,58,'ARZ',1,'2019-01-13 17:12:03'),(9149,427,59,'DAL',1,'2019-01-13 17:12:03'),(9150,427,60,'NE',1,'2019-01-13 17:12:03'),(9151,427,61,'PIT',1,'2019-01-13 17:12:03'),(9152,427,62,'SEA',1,'2019-01-13 17:12:03'),(9153,427,63,'GB',1,'2019-01-13 17:12:03'),(9154,427,64,'NE',1,'2019-01-13 17:12:03'),(9155,427,65,'SEA',1,'2019-01-13 17:12:03'),(9156,427,66,'NE',1,'2019-01-13 17:12:03'),(9157,428,56,'IND',1,'2019-01-13 17:12:03'),(9158,428,57,'PIT',1,'2019-01-13 17:12:03'),(9159,428,58,'ARZ',1,'2019-01-13 17:12:03'),(9160,428,59,'DAL',1,'2019-01-13 17:12:03'),(9161,428,60,'NE',1,'2019-01-13 17:12:03'),(9162,428,61,'DEN',1,'2019-01-13 17:12:03'),(9163,428,62,'SEA',1,'2019-01-13 17:12:03'),(9164,428,63,'DAL',1,'2019-01-13 17:12:03'),(9165,428,64,'NE',1,'2019-01-13 17:12:03'),(9166,428,65,'SEA',1,'2019-01-13 17:12:03'),(9167,428,66,'NE',1,'2019-01-13 17:12:03'),(9168,429,56,'CIN',1,'2019-01-13 17:12:03'),(9169,429,57,'PIT',1,'2019-01-13 17:12:03'),(9170,429,58,'CAR',1,'2019-01-13 17:12:03'),(9171,429,59,'DAL',1,'2019-01-13 17:12:03'),(9172,429,60,'NE',1,'2019-01-13 17:12:03'),(9173,429,61,'PIT',1,'2019-01-13 17:12:03'),(9174,429,62,'SEA',1,'2019-01-13 17:12:03'),(9175,429,63,'GB',1,'2019-01-13 17:12:03'),(9176,429,64,'PIT',1,'2019-01-13 17:12:03'),(9177,429,65,'SEA',1,'2019-01-13 17:12:03'),(9178,429,66,'SEA',1,'2019-01-13 17:12:03'),(9179,430,56,'IND',1,'2019-01-13 17:12:03'),(9180,430,57,'PIT',1,'2019-01-13 17:12:03'),(9181,430,58,'CAR',1,'2019-01-13 17:12:03'),(9182,430,59,'DAL',1,'2019-01-13 17:12:03'),(9183,430,60,'NE',1,'2019-01-13 17:12:03'),(9184,430,61,'PIT',1,'2019-01-13 17:12:03'),(9185,430,62,'SEA',1,'2019-01-13 17:12:03'),(9186,430,63,'DAL',1,'2019-01-13 17:12:03'),(9187,430,64,'PIT',1,'2019-01-13 17:12:03'),(9188,430,65,'DAL',1,'2019-01-13 17:12:03'),(9189,430,66,'PIT',1,'2019-01-13 17:12:03'),(9190,431,56,'IND',1,'2019-01-13 17:12:03'),(9191,431,57,'PIT',1,'2019-01-13 17:12:03'),(9192,431,58,'ARZ',1,'2019-01-13 17:12:03'),(9193,431,59,'DAL',1,'2019-01-13 17:12:03'),(9194,431,60,'NE',1,'2019-01-13 17:12:03'),(9195,431,61,'DEN',1,'2019-01-13 17:12:03'),(9196,431,62,'SEA',1,'2019-01-13 17:12:03'),(9197,431,63,'GB',1,'2019-01-13 17:12:03'),(9198,431,64,'NE',1,'2019-01-13 17:12:03'),(9199,431,65,'SEA',1,'2019-01-13 17:12:03'),(9200,431,66,'SEA',1,'2019-01-13 17:12:03'),(9201,432,56,'CIN',1,'2019-01-13 17:12:03'),(9202,432,57,'PIT',1,'2019-01-13 17:12:03'),(9203,432,58,'CAR',1,'2019-01-13 17:12:03'),(9204,432,59,'DAL',1,'2019-01-13 17:12:03'),(9205,432,60,'NE',1,'2019-01-13 17:12:03'),(9206,432,61,'DEN',1,'2019-01-13 17:12:03'),(9207,432,62,'CAR',1,'2019-01-13 17:12:03'),(9208,432,63,'DAL',1,'2019-01-13 17:12:03'),(9209,432,64,'NE',1,'2019-01-13 17:12:03'),(9210,432,65,'DAL',1,'2019-01-13 17:12:03'),(9211,432,66,'DAL',1,'2019-01-13 17:12:03'),(9212,433,67,'HOU',2,'2019-01-13 17:48:18'),(9213,433,68,'PIT',2,'2019-01-13 17:48:18'),(9214,433,69,'GB',2,'2019-01-13 17:48:18'),(9215,433,70,'SEA',2,'2019-01-13 17:48:18'),(9216,433,71,'DEN',2,'2019-01-13 17:48:18'),(9217,433,72,'NE',2,'2019-01-13 17:48:18'),(9218,433,73,'SEA',2,'2019-01-13 17:48:18'),(9219,433,74,'ARZ',2,'2019-01-13 17:48:18'),(9220,433,75,'DEN',2,'2019-01-13 17:48:18'),(9221,433,76,'SEA',2,'2019-01-13 17:48:18'),(9222,433,77,'SEA',2,'2019-01-13 17:48:18'),(9223,434,67,'KC',2,'2019-01-13 17:48:18'),(9224,434,68,'PIT',2,'2019-01-13 17:48:18'),(9225,434,69,'WAS',2,'2019-01-13 17:48:18'),(9226,434,70,'SEA',2,'2019-01-13 17:48:18'),(9227,434,71,'PIT',2,'2019-01-13 17:48:18'),(9228,434,72,'NE',2,'2019-01-13 17:48:18'),(9229,434,73,'CAR',2,'2019-01-13 17:48:18'),(9230,434,74,'ARZ',2,'2019-01-13 17:48:18'),(9231,434,75,'NE',2,'2019-01-13 17:48:18'),(9232,434,76,'CAR',2,'2019-01-13 17:48:18'),(9233,434,77,'CAR',2,'2019-01-13 17:48:18'),(9234,435,67,'KC',2,'2019-01-13 17:48:18'),(9235,435,68,'PIT',2,'2019-01-13 17:48:18'),(9236,435,69,'GB',2,'2019-01-13 17:48:18'),(9237,435,70,'SEA',2,'2019-01-13 17:48:18'),(9238,435,71,'DEN',2,'2019-01-13 17:48:18'),(9239,435,72,'NE',2,'2019-01-13 17:48:18'),(9240,435,73,'CAR',2,'2019-01-13 17:48:18'),(9241,435,74,'ARZ',2,'2019-01-13 17:48:18'),(9242,435,75,'DEN',2,'2019-01-13 17:48:18'),(9243,435,76,'CAR',2,'2019-01-13 17:48:18'),(9244,435,77,'DEN',2,'2019-01-13 17:48:18'),(9245,436,67,'HOU',2,'2019-01-13 17:48:18'),(9246,436,68,'CIN',2,'2019-01-13 17:48:18'),(9247,436,69,'WAS',2,'2019-01-13 17:48:18'),(9248,436,70,'SEA',2,'2019-01-13 17:48:18'),(9249,436,71,'DEN',2,'2019-01-13 17:48:18'),(9250,436,72,'NE',2,'2019-01-13 17:48:18'),(9251,436,73,'CAR',2,'2019-01-13 17:48:18'),(9252,436,74,'ARZ',2,'2019-01-13 17:48:18'),(9253,436,75,'DEN',2,'2019-01-13 17:48:18'),(9254,436,76,'CAR',2,'2019-01-13 17:48:18'),(9255,436,77,'DEN',2,'2019-01-13 17:48:18'),(9256,437,67,'KC',2,'2019-01-13 17:48:18'),(9257,437,68,'PIT',2,'2019-01-13 17:48:18'),(9258,437,69,'GB',2,'2019-01-13 17:48:18'),(9259,437,70,'MIN',2,'2019-01-13 17:48:18'),(9260,437,71,'DEN',2,'2019-01-13 17:48:18'),(9261,437,72,'NE',2,'2019-01-13 17:48:18'),(9262,437,73,'CAR',2,'2019-01-13 17:48:18'),(9263,437,74,'ARZ',2,'2019-01-13 17:48:18'),(9264,437,75,'DEN',2,'2019-01-13 17:48:18'),(9265,437,76,'CAR',2,'2019-01-13 17:48:18'),(9266,437,77,'CAR',2,'2019-01-13 17:48:18'),(9267,438,67,'KC',2,'2019-01-13 17:48:18'),(9268,438,68,'PIT',2,'2019-01-13 17:48:18'),(9269,438,69,'WAS',2,'2019-01-13 17:48:18'),(9270,438,70,'MIN',2,'2019-01-13 17:48:18'),(9271,438,71,'PIT',2,'2019-01-13 17:48:18'),(9272,438,72,'NE',2,'2019-01-13 17:48:18'),(9273,438,73,'CAR',2,'2019-01-13 17:48:18'),(9274,438,74,'ARZ',2,'2019-01-13 17:48:18'),(9275,438,75,'NE',2,'2019-01-13 17:48:18'),(9276,438,76,'CAR',2,'2019-01-13 17:48:18'),(9277,438,77,'CAR',2,'2019-01-13 17:48:18'),(9278,439,67,'KC',2,'2019-01-13 17:48:18'),(9279,439,68,'PIT',2,'2019-01-13 17:48:18'),(9280,439,69,'GB',2,'2019-01-13 17:48:18'),(9281,439,70,'SEA',2,'2019-01-13 17:48:18'),(9282,439,71,'PIT',2,'2019-01-13 17:48:18'),(9283,439,72,'NE',2,'2019-01-13 17:48:18'),(9284,439,73,'SEA',2,'2019-01-13 17:48:18'),(9285,439,74,'ARZ',2,'2019-01-13 17:48:18'),(9286,439,75,'PIT',2,'2019-01-13 17:48:18'),(9287,439,76,'SEA',2,'2019-01-13 17:48:18'),(9288,439,77,'PIT',2,'2019-01-13 17:48:18'),(9289,440,67,'HOU',2,'2019-01-13 17:48:18'),(9290,440,68,'PIT',2,'2019-01-13 17:48:18'),(9291,440,69,'WAS',2,'2019-01-13 17:48:18'),(9292,440,70,'SEA',2,'2019-01-13 17:48:18'),(9293,440,71,'PIT',2,'2019-01-13 17:48:18'),(9294,440,72,'NE',2,'2019-01-13 17:48:18'),(9295,440,73,'CAR',2,'2019-01-13 17:48:18'),(9296,440,74,'ARZ',2,'2019-01-13 17:48:18'),(9297,440,75,'NE',2,'2019-01-13 17:48:18'),(9298,440,76,'ARZ',2,'2019-01-13 17:48:18'),(9299,440,77,'ARZ',2,'2019-01-13 17:48:18'),(9300,441,67,'KC',2,'2019-01-13 17:48:18'),(9301,441,68,'CIN',2,'2019-01-13 17:48:18'),(9302,441,69,'GB',2,'2019-01-13 17:48:18'),(9303,441,70,'SEA',2,'2019-01-13 17:48:18'),(9304,441,71,'KC',2,'2019-01-13 17:48:18'),(9305,441,72,'NE',2,'2019-01-13 17:48:18'),(9306,441,73,'SEA',2,'2019-01-13 17:48:18'),(9307,441,74,'ARZ',2,'2019-01-13 17:48:18'),(9308,441,75,'KC',2,'2019-01-13 17:48:18'),(9309,441,76,'SEA',2,'2019-01-13 17:48:18'),(9310,441,77,'SEA',2,'2019-01-13 17:48:18'),(9311,442,67,'KC',2,'2019-01-13 17:48:18'),(9312,442,68,'PIT',2,'2019-01-13 17:48:18'),(9313,442,69,'GB',2,'2019-01-13 17:48:18'),(9314,442,70,'SEA',2,'2019-01-13 17:48:18'),(9315,442,71,'PIT',2,'2019-01-13 17:48:18'),(9316,442,72,'NE',2,'2019-01-13 17:48:18'),(9317,442,73,'SEA',2,'2019-01-13 17:48:18'),(9318,442,74,'GB',2,'2019-01-13 17:48:18'),(9319,442,75,'PIT',2,'2019-01-13 17:48:18'),(9320,442,76,'GB',2,'2019-01-13 17:48:18'),(9321,442,77,'GB',2,'2019-01-13 17:48:18'),(9322,443,67,'KC',2,'2019-01-13 17:48:18'),(9323,443,68,'PIT',2,'2019-01-13 17:48:18'),(9324,443,69,'GB',2,'2019-01-13 17:48:18'),(9325,443,70,'SEA',2,'2019-01-13 17:48:18'),(9326,443,71,'PIT',2,'2019-01-13 17:48:18'),(9327,443,72,'KC',2,'2019-01-13 17:48:18'),(9328,443,73,'SEA',2,'2019-01-13 17:48:18'),(9329,443,74,'ARZ',2,'2019-01-13 17:48:18'),(9330,443,75,'PIT',2,'2019-01-13 17:48:18'),(9331,443,76,'SEA',2,'2019-01-13 17:48:18'),(9332,443,77,'SEA',2,'2019-01-13 17:48:18'),(9333,444,67,'KC',2,'2019-01-13 17:48:18'),(9334,444,68,'PIT',2,'2019-01-13 17:48:18'),(9335,444,69,'GB',2,'2019-01-13 17:48:18'),(9336,444,70,'SEA',2,'2019-01-13 17:48:18'),(9337,444,71,'PIT',2,'2019-01-13 17:48:18'),(9338,444,72,'NE',2,'2019-01-13 17:48:18'),(9339,444,73,'CAR',2,'2019-01-13 17:48:18'),(9340,444,74,'GB',2,'2019-01-13 17:48:18'),(9341,444,75,'NE',2,'2019-01-13 17:48:18'),(9342,444,76,'CAR',2,'2019-01-13 17:48:18'),(9343,444,77,'NE',2,'2019-01-13 17:48:18'),(9344,445,67,'KC',2,'2019-01-13 17:48:18'),(9345,445,68,'PIT',2,'2019-01-13 17:48:18'),(9346,445,69,'WAS',2,'2019-01-13 17:48:18'),(9347,445,70,'SEA',2,'2019-01-13 17:48:18'),(9348,445,71,'PIT',2,'2019-01-13 17:48:18'),(9349,445,72,'NE',2,'2019-01-13 17:48:18'),(9350,445,73,'SEA',2,'2019-01-13 17:48:18'),(9351,445,74,'ARZ',2,'2019-01-13 17:48:18'),(9352,445,75,'NE',2,'2019-01-13 17:48:18'),(9353,445,76,'SEA',2,'2019-01-13 17:48:18'),(9354,445,77,'NE',2,'2019-01-13 17:48:18'),(9355,446,67,'KC',2,'2019-01-13 17:48:18'),(9356,446,68,'PIT',2,'2019-01-13 17:48:18'),(9357,446,69,'WAS',2,'2019-01-13 17:48:18'),(9358,446,70,'SEA',2,'2019-01-13 17:48:18'),(9359,446,71,'DEN',2,'2019-01-13 17:48:18'),(9360,446,72,'NE',2,'2019-01-13 17:48:18'),(9361,446,73,'CAR',2,'2019-01-13 17:48:18'),(9362,446,74,'ARZ',2,'2019-01-13 17:48:18'),(9363,446,75,'NE',2,'2019-01-13 17:48:18'),(9364,446,76,'CAR',2,'2019-01-13 17:48:18'),(9365,446,77,'CAR',2,'2019-01-13 17:48:18'),(9366,447,67,'KC',2,'2019-01-13 17:48:18'),(9367,447,68,'CIN',2,'2019-01-13 17:48:18'),(9368,447,69,'GB',2,'2019-01-13 17:48:18'),(9369,447,70,'SEA',2,'2019-01-13 17:48:18'),(9370,447,71,'DEN',2,'2019-01-13 17:48:18'),(9371,447,72,'NE',2,'2019-01-13 17:48:18'),(9372,447,73,'SEA',2,'2019-01-13 17:48:18'),(9373,447,74,'ARZ',2,'2019-01-13 17:48:18'),(9374,447,75,'DEN',2,'2019-01-13 17:48:18'),(9375,447,76,'ARZ',2,'2019-01-13 17:48:18'),(9376,447,77,'ARZ',2,'2019-01-13 17:48:18'),(9377,448,67,'HOU',2,'2019-01-13 17:48:18'),(9378,448,68,'CIN',2,'2019-01-13 17:48:18'),(9379,448,69,'WAS',2,'2019-01-13 17:48:18'),(9380,448,70,'MIN',2,'2019-01-13 17:48:18'),(9381,448,71,'DEN',2,'2019-01-13 17:48:18'),(9382,448,72,'CIN',2,'2019-01-13 17:48:18'),(9383,448,73,'CAR',2,'2019-01-13 17:48:18'),(9384,448,74,'ARZ',2,'2019-01-13 17:48:18'),(9385,448,75,'CIN',2,'2019-01-13 17:48:18'),(9386,448,76,'CAR',2,'2019-01-13 17:48:18'),(9387,448,77,'CAR',2,'2019-01-13 17:48:18'),(9388,449,67,'KC',2,'2019-01-13 17:48:18'),(9389,449,68,'CIN',2,'2019-01-13 17:48:18'),(9390,449,69,'WAS',2,'2019-01-13 17:48:18'),(9391,449,70,'MIN',2,'2019-01-13 17:48:18'),(9392,449,71,'DEN',2,'2019-01-13 17:48:18'),(9393,449,72,'NE',2,'2019-01-13 17:48:18'),(9394,449,73,'WAS',2,'2019-01-13 17:48:18'),(9395,449,74,'MIN',2,'2019-01-13 17:48:18'),(9396,449,75,'DEN',2,'2019-01-13 17:48:18'),(9397,449,76,'WAS',2,'2019-01-13 17:48:18'),(9398,449,77,'WAS',2,'2019-01-13 17:48:18'),(9399,450,67,'KC',2,'2019-01-13 17:48:18'),(9400,450,68,'PIT',2,'2019-01-13 17:48:18'),(9401,450,69,'GB',2,'2019-01-13 17:48:18'),(9402,450,70,'SEA',2,'2019-01-13 17:48:18'),(9403,450,71,'DEN',2,'2019-01-13 17:48:18'),(9404,450,72,'KC',2,'2019-01-13 17:48:18'),(9405,450,73,'SEA',2,'2019-01-13 17:48:18'),(9406,450,74,'ARZ',2,'2019-01-13 17:48:18'),(9407,450,75,'DEN',2,'2019-01-13 17:48:18'),(9408,450,76,'ARZ',2,'2019-01-13 17:48:18'),(9409,450,77,'ARZ',2,'2019-01-13 17:48:18'),(9410,451,67,'KC',2,'2019-01-13 17:48:18'),(9411,451,68,'PIT',2,'2019-01-13 17:48:18'),(9412,451,69,'WAS',2,'2019-01-13 17:48:18'),(9413,451,70,'SEA',2,'2019-01-13 17:48:18'),(9414,451,71,'PIT',2,'2019-01-13 17:48:18'),(9415,451,72,'NE',2,'2019-01-13 17:48:18'),(9416,451,73,'CAR',2,'2019-01-13 17:48:18'),(9417,451,74,'ARZ',2,'2019-01-13 17:48:18'),(9418,451,75,'PIT',2,'2019-01-13 17:48:18'),(9419,451,76,'CAR',2,'2019-01-13 17:48:18'),(9420,451,77,'CAR',2,'2019-01-13 17:48:18'),(9421,452,67,'HOU',2,'2019-01-13 17:48:18'),(9422,452,68,'PIT',2,'2019-01-13 17:48:18'),(9423,452,69,'GB',2,'2019-01-13 17:48:18'),(9424,452,70,'MIN',2,'2019-01-13 17:48:18'),(9425,452,71,'DEN',2,'2019-01-13 17:48:18'),(9426,452,72,'NE',2,'2019-01-13 17:48:18'),(9427,452,73,'CAR',2,'2019-01-13 17:48:18'),(9428,452,74,'MIN',2,'2019-01-13 17:48:18'),(9429,452,75,'DEN',2,'2019-01-13 17:48:18'),(9430,452,76,'CAR',2,'2019-01-13 17:48:18'),(9431,452,77,'DEN',2,'2019-01-13 17:48:18'),(9432,453,67,'KC',2,'2019-01-13 17:48:18'),(9433,453,68,'PIT',2,'2019-01-13 17:48:18'),(9434,453,69,'GB',2,'2019-01-13 17:48:18'),(9435,453,70,'SEA',2,'2019-01-13 17:48:18'),(9436,453,71,'DEN',2,'2019-01-13 17:48:18'),(9437,453,72,'NE',2,'2019-01-13 17:48:18'),(9438,453,73,'CAR',2,'2019-01-13 17:48:18'),(9439,453,74,'ARZ',2,'2019-01-13 17:48:18'),(9440,453,75,'DEN',2,'2019-01-13 17:48:18'),(9441,453,76,'CAR',2,'2019-01-13 17:48:18'),(9442,453,77,'CAR',2,'2019-01-13 17:48:18'),(9443,454,67,'KC',2,'2019-01-13 17:48:18'),(9444,454,68,'PIT',2,'2019-01-13 17:48:18'),(9445,454,69,'GB',2,'2019-01-13 17:48:18'),(9446,454,70,'MIN',2,'2019-01-13 17:48:18'),(9447,454,71,'PIT',2,'2019-01-13 17:48:18'),(9448,454,72,'KC',2,'2019-01-13 17:48:18'),(9449,454,73,'CAR',2,'2019-01-13 17:48:18'),(9450,454,74,'MIN',2,'2019-01-13 17:48:18'),(9451,454,75,'PIT',2,'2019-01-13 17:48:18'),(9452,454,76,'CAR',2,'2019-01-13 17:48:18'),(9453,454,77,'PIT',2,'2019-01-13 17:48:18'),(9454,455,67,'KC',2,'2019-01-13 17:48:18'),(9455,455,68,'CIN',2,'2019-01-13 17:48:18'),(9456,455,69,'WAS',2,'2019-01-13 17:48:18'),(9457,455,70,'MIN',2,'2019-01-13 17:48:18'),(9458,455,71,'DEN',2,'2019-01-13 17:48:18'),(9459,455,72,'CIN',2,'2019-01-13 17:48:18'),(9460,455,73,'CAR',2,'2019-01-13 17:48:18'),(9461,455,74,'MIN',2,'2019-01-13 17:48:18'),(9462,455,75,'DEN',2,'2019-01-13 17:48:19'),(9463,455,76,'CAR',2,'2019-01-13 17:48:19'),(9464,455,77,'DEN',2,'2019-01-13 17:48:19'),(9465,456,67,'KC',2,'2019-01-13 17:48:19'),(9466,456,68,'CIN',2,'2019-01-13 17:48:19'),(9467,456,69,'WAS',2,'2019-01-13 17:48:19'),(9468,456,70,'MIN',2,'2019-01-13 17:48:19'),(9469,456,71,'DEN',2,'2019-01-13 17:48:19'),(9470,456,72,'NE',2,'2019-01-13 17:48:19'),(9471,456,73,'CAR',2,'2019-01-13 17:48:19'),(9472,456,74,'ARZ',2,'2019-01-13 17:48:19'),(9473,456,75,'DEN',2,'2019-01-13 17:48:19'),(9474,456,76,'CAR',2,'2019-01-13 17:48:19'),(9475,456,77,'CAR',2,'2019-01-13 17:48:19'),(9476,457,67,'HOU',2,'2019-01-13 17:48:19'),(9477,457,68,'PIT',2,'2019-01-13 17:48:19'),(9478,457,69,'GB',2,'2019-01-13 17:48:19'),(9479,457,70,'SEA',2,'2019-01-13 17:48:19'),(9480,457,71,'DEN',2,'2019-01-13 17:48:19'),(9481,457,72,'NE',2,'2019-01-13 17:48:19'),(9482,457,73,'CAR',2,'2019-01-13 17:48:19'),(9483,457,74,'ARZ',2,'2019-01-13 17:48:19'),(9484,457,75,'DEN',2,'2019-01-13 17:48:19'),(9485,457,76,'ARZ',2,'2019-01-13 17:48:19'),(9486,457,77,'ARZ',2,'2019-01-13 17:48:19'),(9487,458,67,'KC',2,'2019-01-13 17:48:19'),(9488,458,68,'CIN',2,'2019-01-13 17:48:19'),(9489,458,69,'WAS',2,'2019-01-13 17:48:19'),(9490,458,70,'SEA',2,'2019-01-13 17:48:19'),(9491,458,71,'DEN',2,'2019-01-13 17:48:19'),(9492,458,72,'NE',2,'2019-01-13 17:48:19'),(9493,458,73,'SEA',2,'2019-01-13 17:48:19'),(9494,458,74,'ARZ',2,'2019-01-13 17:48:19'),(9495,458,75,'NE',2,'2019-01-13 17:48:19'),(9496,458,76,'SEA',2,'2019-01-13 17:48:19'),(9497,458,77,'SEA',2,'2019-01-13 17:48:19'),(9498,459,67,'KC',2,'2019-01-13 17:48:19'),(9499,459,68,'PIT',2,'2019-01-13 17:48:19'),(9500,459,69,'WAS',2,'2019-01-13 17:48:19'),(9501,459,70,'SEA',2,'2019-01-13 17:48:19'),(9502,459,71,'PIT',2,'2019-01-13 17:48:19'),(9503,459,72,'KC',2,'2019-01-13 17:48:19'),(9504,459,73,'CAR',2,'2019-01-13 17:48:19'),(9505,459,74,'ARZ',2,'2019-01-13 17:48:19'),(9506,459,75,'KC',2,'2019-01-13 17:48:19'),(9507,459,76,'ARZ',2,'2019-01-13 17:48:19'),(9508,459,77,'ARZ',2,'2019-01-13 17:48:19'),(9509,460,67,'KC',2,'2019-01-13 17:48:19'),(9510,460,68,'CIN',2,'2019-01-13 17:48:19'),(9511,460,69,'GB',2,'2019-01-13 17:48:19'),(9512,460,70,'SEA',2,'2019-01-13 17:48:19'),(9513,460,71,'KC',2,'2019-01-13 17:48:19'),(9514,460,72,'NE',2,'2019-01-13 17:48:19'),(9515,460,73,'SEA',2,'2019-01-13 17:48:19'),(9516,460,74,'ARZ',2,'2019-01-13 17:48:19'),(9517,460,75,'NE',2,'2019-01-13 17:48:19'),(9518,460,76,'SEA',2,'2019-01-13 17:48:19'),(9519,460,77,'SEA',2,'2019-01-13 17:48:19'),(9520,461,67,'KC',2,'2019-01-13 17:48:19'),(9521,461,68,'PIT',2,'2019-01-13 17:48:19'),(9522,461,69,'GB',2,'2019-01-13 17:48:19'),(9523,461,70,'MIN',2,'2019-01-13 17:48:19'),(9524,461,71,'DEN',2,'2019-01-13 17:48:19'),(9525,461,72,'KC',2,'2019-01-13 17:48:19'),(9526,461,73,'CAR',2,'2019-01-13 17:48:19'),(9527,461,74,'ARZ',2,'2019-01-13 17:48:19'),(9528,461,75,'KC',2,'2019-01-13 17:48:19'),(9529,461,76,'ARZ',2,'2019-01-13 17:48:19'),(9530,461,77,'ARZ',2,'2019-01-13 17:48:19'),(9531,462,67,'KC',2,'2019-01-13 17:48:19'),(9532,462,68,'PIT',2,'2019-01-13 17:48:19'),(9533,462,69,'GB',2,'2019-01-13 17:48:19'),(9534,462,70,'SEA',2,'2019-01-13 17:48:19'),(9535,462,71,'PIT',2,'2019-01-13 17:48:19'),(9536,462,72,'KC',2,'2019-01-13 17:48:19'),(9537,462,73,'SEA',2,'2019-01-13 17:48:19'),(9538,462,74,'ARZ',2,'2019-01-13 17:48:19'),(9539,462,75,'PIT',2,'2019-01-13 17:48:19'),(9540,462,76,'SEA',2,'2019-01-13 17:48:19'),(9541,462,77,'SEA',2,'2019-01-13 17:48:19'),(9542,463,67,'HOU',2,'2019-01-13 17:48:19'),(9543,463,68,'PIT',2,'2019-01-13 17:48:19'),(9544,463,69,'WAS',2,'2019-01-13 17:48:19'),(9545,463,70,'SEA',2,'2019-01-13 17:48:19'),(9546,463,71,'PIT',2,'2019-01-13 17:48:19'),(9547,463,72,'NE',2,'2019-01-13 17:48:19'),(9548,463,73,'CAR',2,'2019-01-13 17:48:19'),(9549,463,74,'ARZ',2,'2019-01-13 17:48:19'),(9550,463,75,'NE',2,'2019-01-13 17:48:19'),(9551,463,76,'CAR',2,'2019-01-13 17:48:19'),(9552,463,77,'NE',2,'2019-01-13 17:48:19'),(9553,464,67,'HOU',2,'2019-01-13 17:48:19'),(9554,464,68,'CIN',2,'2019-01-13 17:48:19'),(9555,464,69,'WAS',2,'2019-01-13 17:48:19'),(9556,464,70,'SEA',2,'2019-01-13 17:48:19'),(9557,464,71,'DEN',2,'2019-01-13 17:48:19'),(9558,464,72,'CIN',2,'2019-01-13 17:48:19'),(9559,464,73,'SEA',2,'2019-01-13 17:48:19'),(9560,464,74,'ARZ',2,'2019-01-13 17:48:19'),(9561,464,75,'DEN',2,'2019-01-13 17:48:19'),(9562,464,76,'SEA',2,'2019-01-13 17:48:19'),(9563,464,77,'SEA',2,'2019-01-13 17:48:19'),(9564,465,67,'KC',2,'2019-01-13 17:48:19'),(9565,465,68,'CIN',2,'2019-01-13 17:48:19'),(9566,465,69,'WAS',2,'2019-01-13 17:48:19'),(9567,465,70,'SEA',2,'2019-01-13 17:48:19'),(9568,465,71,'KC',2,'2019-01-13 17:48:19'),(9569,465,72,'NE',2,'2019-01-13 17:48:19'),(9570,465,73,'CAR',2,'2019-01-13 17:48:19'),(9571,465,74,'ARZ',2,'2019-01-13 17:48:19'),(9572,465,75,'NE',2,'2019-01-13 17:48:19'),(9573,465,76,'ARZ',2,'2019-01-13 17:48:19'),(9574,465,77,'ARZ',2,'2019-01-13 17:48:19'),(9575,466,67,'KC',2,'2019-01-13 17:48:19'),(9576,466,68,'PIT',2,'2019-01-13 17:48:19'),(9577,466,69,'GB',2,'2019-01-13 17:48:19'),(9578,466,70,'SEA',2,'2019-01-13 17:48:19'),(9579,466,71,'PIT',2,'2019-01-13 17:48:19'),(9580,466,72,'NE',2,'2019-01-13 17:48:19'),(9581,466,73,'SEA',2,'2019-01-13 17:48:19'),(9582,466,74,'GB',2,'2019-01-13 17:48:19'),(9583,466,75,'PIT',2,'2019-01-13 17:48:19'),(9584,466,76,'SEA',2,'2019-01-13 17:48:19'),(9585,466,77,'PIT',2,'2019-01-13 17:48:19'),(9586,467,67,'HOU',2,'2019-01-13 17:48:19'),(9587,467,68,'PIT',2,'2019-01-13 17:48:19'),(9588,467,69,'GB',2,'2019-01-13 17:48:19'),(9589,467,70,'SEA',2,'2019-01-13 17:48:19'),(9590,467,71,'DEN',2,'2019-01-13 17:48:19'),(9591,467,72,'NE',2,'2019-01-13 17:48:19'),(9592,467,73,'SEA',2,'2019-01-13 17:48:19'),(9593,467,74,'ARZ',2,'2019-01-13 17:48:19'),(9594,467,75,'NE',2,'2019-01-13 17:48:19'),(9595,467,76,'SEA',2,'2019-01-13 17:48:19'),(9596,467,77,'NE',2,'2019-01-13 17:48:19'),(9597,468,67,'KC',2,'2019-01-13 17:48:19'),(9598,468,68,'PIT',2,'2019-01-13 17:48:19'),(9599,468,69,'WAS',2,'2019-01-13 17:48:19'),(9600,468,70,'MIN',2,'2019-01-13 17:48:19'),(9601,468,71,'DEN',2,'2019-01-13 17:48:19'),(9602,468,72,'KC',2,'2019-01-13 17:48:19'),(9603,468,73,'CAR',2,'2019-01-13 17:48:19'),(9604,468,74,'MIN',2,'2019-01-13 17:48:19'),(9605,468,75,'DEN',2,'2019-01-13 17:48:19'),(9606,468,76,'CAR',2,'2019-01-13 17:48:19'),(9607,468,77,'CAR',2,'2019-01-13 17:48:19'),(9608,469,67,'HOU',2,'2019-01-13 17:48:19'),(9609,469,68,'CIN',2,'2019-01-13 17:48:19'),(9610,469,69,'WAS',2,'2019-01-13 17:48:19'),(9611,469,70,'SEA',2,'2019-01-13 17:48:19'),(9612,469,71,'DEN',2,'2019-01-13 17:48:19'),(9613,469,72,'NE',2,'2019-01-13 17:48:19'),(9614,469,73,'SEA',2,'2019-01-13 17:48:19'),(9615,469,74,'ARZ',2,'2019-01-13 17:48:19'),(9616,469,75,'DEN',2,'2019-01-13 17:48:19'),(9617,469,76,'SEA',2,'2019-01-13 17:48:19'),(9618,469,77,'SEA',2,'2019-01-13 17:48:19'),(9619,470,67,'HOU',2,'2019-01-13 17:48:19'),(9620,470,68,'PIT',2,'2019-01-13 17:48:19'),(9621,470,69,'WAS',2,'2019-01-13 17:48:19'),(9622,470,70,'SEA',2,'2019-01-13 17:48:19'),(9623,470,71,'PIT',2,'2019-01-13 17:48:19'),(9624,470,72,'NE',2,'2019-01-13 17:48:19'),(9625,470,73,'CAR',2,'2019-01-13 17:48:19'),(9626,470,74,'WAS',2,'2019-01-13 17:48:19'),(9627,470,75,'NE',2,'2019-01-13 17:48:19'),(9628,470,76,'CAR',2,'2019-01-13 17:48:19'),(9629,470,77,'NE',2,'2019-01-13 17:48:19'),(9630,471,67,'KC',2,'2019-01-13 17:48:19'),(9631,471,68,'CIN',2,'2019-01-13 17:48:19'),(9632,471,69,'GB',2,'2019-01-13 17:48:19'),(9633,471,70,'MIN',2,'2019-01-13 17:48:19'),(9634,471,71,'KC',2,'2019-01-13 17:48:19'),(9635,471,72,'CIN',2,'2019-01-13 17:48:19'),(9636,471,73,'GB',2,'2019-01-13 17:48:19'),(9637,471,74,'ARZ',2,'2019-01-13 17:48:19'),(9638,471,75,'KC',2,'2019-01-13 17:48:19'),(9639,471,76,'ARZ',2,'2019-01-13 17:48:19'),(9640,471,77,'ARZ',2,'2019-01-13 17:48:19'),(9641,472,67,'KC',2,'2019-01-13 17:48:19'),(9642,472,68,'CIN',2,'2019-01-13 17:48:19'),(9643,472,69,'WAS',2,'2019-01-13 17:48:19'),(9644,472,70,'MIN',2,'2019-01-13 17:48:19'),(9645,472,71,'DEN',2,'2019-01-13 17:48:19'),(9646,472,72,'CIN',2,'2019-01-13 17:48:19'),(9647,472,73,'CAR',2,'2019-01-13 17:48:19'),(9648,472,74,'ARZ',2,'2019-01-13 17:48:19'),(9649,472,75,'DEN',2,'2019-01-13 17:48:19'),(9650,472,76,'ARZ',2,'2019-01-13 17:48:19'),(9651,472,77,'DEN',2,'2019-01-13 17:48:19'),(9652,473,67,'KC',2,'2019-01-13 17:48:19'),(9653,473,68,'CIN',2,'2019-01-13 17:48:19'),(9654,473,69,'GB',2,'2019-01-13 17:48:19'),(9655,473,70,'SEA',2,'2019-01-13 17:48:19'),(9656,473,71,'DEN',2,'2019-01-13 17:48:19'),(9657,473,72,'NE',2,'2019-01-13 17:48:19'),(9658,473,73,'SEA',2,'2019-01-13 17:48:19'),(9659,473,74,'ARZ',2,'2019-01-13 17:48:19'),(9660,473,75,'NE',2,'2019-01-13 17:48:19'),(9661,473,76,'ARZ',2,'2019-01-13 17:48:19'),(9662,473,77,'NE',2,'2019-01-13 17:48:19'),(9663,474,67,'KC',2,'2019-01-13 17:48:19'),(9664,474,68,'PIT',2,'2019-01-13 17:48:19'),(9665,474,69,'WAS',2,'2019-01-13 17:48:19'),(9666,474,70,'MIN',2,'2019-01-13 17:48:19'),(9667,474,71,'PIT',2,'2019-01-13 17:48:19'),(9668,474,72,'NE',2,'2019-01-13 17:48:19'),(9669,474,73,'CAR',2,'2019-01-13 17:48:19'),(9670,474,74,'ARZ',2,'2019-01-13 17:48:19'),(9671,474,75,'PIT',2,'2019-01-13 17:48:19'),(9672,474,76,'CAR',2,'2019-01-13 17:48:19'),(9673,474,77,'CAR',2,'2019-01-13 17:48:19'),(9674,475,67,'KC',2,'2019-01-13 17:48:19'),(9675,475,68,'PIT',2,'2019-01-13 17:48:19'),(9676,475,69,'GB',2,'2019-01-13 17:48:19'),(9677,475,70,'SEA',2,'2019-01-13 17:48:19'),(9678,475,71,'PIT',2,'2019-01-13 17:48:19'),(9679,475,72,'NE',2,'2019-01-13 17:48:19'),(9680,475,73,'CAR',2,'2019-01-13 17:48:19'),(9681,475,74,'ARZ',2,'2019-01-13 17:48:19'),(9682,475,75,'NE',2,'2019-01-13 17:48:19'),(9683,475,76,'ARZ',2,'2019-01-13 17:48:19'),(9684,475,77,'NE',2,'2019-01-13 17:48:19'),(9685,476,67,'KC',2,'2019-01-13 17:48:19'),(9686,476,68,'CIN',2,'2019-01-13 17:48:19'),(9687,476,69,'GB',2,'2019-01-13 17:48:19'),(9688,476,70,'SEA',2,'2019-01-13 17:48:19'),(9689,476,71,'KC',2,'2019-01-13 17:48:19'),(9690,476,72,'NE',2,'2019-01-13 17:48:19'),(9691,476,73,'SEA',2,'2019-01-13 17:48:19'),(9692,476,74,'GB',2,'2019-01-13 17:48:19'),(9693,476,75,'NE',2,'2019-01-13 17:48:19'),(9694,476,76,'SEA',2,'2019-01-13 17:48:19'),(9695,476,77,'SEA',2,'2019-01-13 17:48:19'),(9696,477,67,'KC',2,'2019-01-13 17:48:19'),(9697,477,68,'PIT',2,'2019-01-13 17:48:19'),(9698,477,69,'GB',2,'2019-01-13 17:48:19'),(9699,477,70,'SEA',2,'2019-01-13 17:48:19'),(9700,477,71,'DEN',2,'2019-01-13 17:48:19'),(9701,477,72,'NE',2,'2019-01-13 17:48:19'),(9702,477,73,'SEA',2,'2019-01-13 17:48:19'),(9703,477,74,'ARZ',2,'2019-01-13 17:48:19'),(9704,477,75,'DEN',2,'2019-01-13 17:48:19'),(9705,477,76,'ARZ',2,'2019-01-13 17:48:19'),(9706,477,77,'ARZ',2,'2019-01-13 17:48:19'),(9707,478,67,'KC',2,'2019-01-13 17:48:19'),(9708,478,68,'PIT',2,'2019-01-13 17:48:19'),(9709,478,69,'WAS',2,'2019-01-13 17:48:19'),(9710,478,70,'SEA',2,'2019-01-13 17:48:19'),(9711,478,71,'PIT',2,'2019-01-13 17:48:19'),(9712,478,72,'KC',2,'2019-01-13 17:48:19'),(9713,478,73,'SEA',2,'2019-01-13 17:48:19'),(9714,478,74,'ARZ',2,'2019-01-13 17:48:19'),(9715,478,75,'KC',2,'2019-01-13 17:48:19'),(9716,478,76,'ARZ',2,'2019-01-13 17:48:19'),(9717,478,77,'ARZ',2,'2019-01-13 17:48:19'),(9718,479,67,'KC',2,'2019-01-13 17:48:19'),(9719,479,68,'CIN',2,'2019-01-13 17:48:19'),(9720,479,69,'WAS',2,'2019-01-13 17:48:19'),(9721,479,70,'MIN',2,'2019-01-13 17:48:19'),(9722,479,71,'KC',2,'2019-01-13 17:48:19'),(9723,479,72,'CIN',2,'2019-01-13 17:48:19'),(9724,479,73,'CAR',2,'2019-01-13 17:48:19'),(9725,479,74,'ARZ',2,'2019-01-13 17:48:19'),(9726,479,75,'KC',2,'2019-01-13 17:48:19'),(9727,479,76,'CAR',2,'2019-01-13 17:48:19'),(9728,479,77,'KC',2,'2019-01-13 17:48:19'),(9729,480,67,'HOU',2,'2019-01-13 17:48:19'),(9730,480,68,'PIT',2,'2019-01-13 17:48:19'),(9731,480,69,'WAS',2,'2019-01-13 17:48:19'),(9732,480,70,'MIN',2,'2019-01-13 17:48:19'),(9733,480,71,'DEN',2,'2019-01-13 17:48:19'),(9734,480,72,'NE',2,'2019-01-13 17:48:19'),(9735,480,73,'CAR',2,'2019-01-13 17:48:19'),(9736,480,74,'ARZ',2,'2019-01-13 17:48:19'),(9737,480,75,'DEN',2,'2019-01-13 17:48:19'),(9738,480,76,'CAR',2,'2019-01-13 17:48:19'),(9739,480,77,'DEN',2,'2019-01-13 17:48:19'),(9740,481,67,'HOU',2,'2019-01-13 17:48:19'),(9741,481,68,'CIN',2,'2019-01-13 17:48:19'),(9742,481,69,'WAS',2,'2019-01-13 17:48:19'),(9743,481,70,'SEA',2,'2019-01-13 17:48:19'),(9744,481,71,'DEN',2,'2019-01-13 17:48:19'),(9745,481,72,'NE',2,'2019-01-13 17:48:19'),(9746,481,73,'CAR',2,'2019-01-13 17:48:19'),(9747,481,74,'ARZ',2,'2019-01-13 17:48:19'),(9748,481,75,'NE',2,'2019-01-13 17:48:19'),(9749,481,76,'ARZ',2,'2019-01-13 17:48:19'),(9750,481,77,'ARZ',2,'2019-01-13 17:48:19'),(9751,482,67,'KC',2,'2019-01-13 17:48:19'),(9752,482,68,'PIT',2,'2019-01-13 17:48:19'),(9753,482,69,'WAS',2,'2019-01-13 17:48:19'),(9754,482,70,'SEA',2,'2019-01-13 17:48:19'),(9755,482,71,'DEN',2,'2019-01-13 17:48:19'),(9756,482,72,'NE',2,'2019-01-13 17:48:19'),(9757,482,73,'CAR',2,'2019-01-13 17:48:19'),(9758,482,74,'WAS',2,'2019-01-13 17:48:19'),(9759,482,75,'NE',2,'2019-01-13 17:48:19'),(9760,482,76,'CAR',2,'2019-01-13 17:48:19'),(9761,482,77,'CAR',2,'2019-01-13 17:48:19'),(9762,483,67,'KC',2,'2019-01-13 17:48:19'),(9763,483,68,'PIT',2,'2019-01-13 17:48:19'),(9764,483,69,'GB',2,'2019-01-13 17:48:19'),(9765,483,70,'SEA',2,'2019-01-13 17:48:19'),(9766,483,71,'DEN',2,'2019-01-13 17:48:19'),(9767,483,72,'NE',2,'2019-01-13 17:48:19'),(9768,483,73,'SEA',2,'2019-01-13 17:48:19'),(9769,483,74,'ARZ',2,'2019-01-13 17:48:19'),(9770,483,75,'DEN',2,'2019-01-13 17:48:19'),(9771,483,76,'SEA',2,'2019-01-13 17:48:19'),(9772,483,77,'SEA',2,'2019-01-13 17:48:19'),(9773,484,67,'KC',2,'2019-01-13 17:48:19'),(9774,484,68,'CIN',2,'2019-01-13 17:48:19'),(9775,484,69,'GB',2,'2019-01-13 17:48:19'),(9776,484,70,'SEA',2,'2019-01-13 17:48:19'),(9777,484,71,'DEN',2,'2019-01-13 17:48:19'),(9778,484,72,'NE',2,'2019-01-13 17:48:19'),(9779,484,73,'CAR',2,'2019-01-13 17:48:19'),(9780,484,74,'ARZ',2,'2019-01-13 17:48:19'),(9781,484,75,'NE',2,'2019-01-13 17:48:19'),(9782,484,76,'CAR',2,'2019-01-13 17:48:19'),(9783,484,77,'CAR',2,'2019-01-13 17:48:19'),(9784,485,78,'HOU',3,'2019-01-13 17:48:37'),(9785,485,79,'PIT',3,'2019-01-13 17:48:37'),(9786,485,80,'GB',3,'2019-01-13 17:48:37'),(9787,485,81,'SEA',3,'2019-01-13 17:48:37'),(9788,485,82,'NE',3,'2019-01-13 17:48:37'),(9789,485,83,'PIT',3,'2019-01-13 17:48:37'),(9790,485,84,'GB',3,'2019-01-13 17:48:37'),(9791,485,85,'ATL',3,'2019-01-13 17:48:37'),(9792,485,86,'PIT',3,'2019-01-13 17:48:37'),(9793,485,87,'ATL',3,'2019-01-13 17:48:37'),(9794,485,88,'ATL',3,'2019-01-13 17:48:37'),(9795,486,78,'HOU',3,'2019-01-13 17:48:37'),(9796,486,79,'MIA',3,'2019-01-13 17:48:37'),(9797,486,80,'GB',3,'2019-01-13 17:48:37'),(9798,486,81,'SEA',3,'2019-01-13 17:48:37'),(9799,486,82,'MIA',3,'2019-01-13 17:48:37'),(9800,486,83,'KC',3,'2019-01-13 17:48:37'),(9801,486,84,'DAL',3,'2019-01-13 17:48:37'),(9802,486,85,'SEA',3,'2019-01-13 17:48:37'),(9803,486,86,'MIA',3,'2019-01-13 17:48:37'),(9804,486,87,'DAL',3,'2019-01-13 17:48:37'),(9805,486,88,'DAL',3,'2019-01-13 17:48:37'),(9806,487,78,'HOU',3,'2019-01-13 17:48:37'),(9807,487,79,'PIT',3,'2019-01-13 17:48:37'),(9808,487,80,'NYG',3,'2019-01-13 17:48:37'),(9809,487,81,'SEA',3,'2019-01-13 17:48:37'),(9810,487,82,'NE',3,'2019-01-13 17:48:37'),(9811,487,83,'PIT',3,'2019-01-13 17:48:37'),(9812,487,84,'NYG',3,'2019-01-13 17:48:37'),(9813,487,85,'ATL',3,'2019-01-13 17:48:37'),(9814,487,86,'NE',3,'2019-01-13 17:48:37'),(9815,487,87,'ATL',3,'2019-01-13 17:48:37'),(9816,487,88,'NE',3,'2019-01-13 17:48:37'),(9817,488,78,'OAK',3,'2019-01-13 17:48:37'),(9818,488,79,'PIT',3,'2019-01-13 17:48:37'),(9819,488,80,'NYG',3,'2019-01-13 17:48:37'),(9820,488,81,'SEA',3,'2019-01-13 17:48:37'),(9821,488,82,'NE',3,'2019-01-13 17:48:37'),(9822,488,83,'KC',3,'2019-01-13 17:48:37'),(9823,488,84,'DAL',3,'2019-01-13 17:48:37'),(9824,488,85,'ATL',3,'2019-01-13 17:48:37'),(9825,488,86,'NE',3,'2019-01-13 17:48:37'),(9826,488,87,'DAL',3,'2019-01-13 17:48:37'),(9827,488,88,'NE',3,'2019-01-13 17:48:37'),(9828,489,78,'OAK',3,'2019-01-13 17:48:37'),(9829,489,79,'PIT',3,'2019-01-13 17:48:37'),(9830,489,80,'GB',3,'2019-01-13 17:48:37'),(9831,489,81,'SEA',3,'2019-01-13 17:48:37'),(9832,489,82,'NE',3,'2019-01-13 17:48:37'),(9833,489,83,'KC',3,'2019-01-13 17:48:37'),(9834,489,84,'GB',3,'2019-01-13 17:48:37'),(9835,489,85,'ATL',3,'2019-01-13 17:48:37'),(9836,489,86,'NE',3,'2019-01-13 17:48:37'),(9837,489,87,'GB',3,'2019-01-13 17:48:37'),(9838,489,88,'NE',3,'2019-01-13 17:48:37'),(9839,490,78,'HOU',3,'2019-01-13 17:48:37'),(9840,490,79,'PIT',3,'2019-01-13 17:48:37'),(9841,490,80,'NYG',3,'2019-01-13 17:48:37'),(9842,490,81,'SEA',3,'2019-01-13 17:48:37'),(9843,490,82,'NE',3,'2019-01-13 17:48:37'),(9844,490,83,'PIT',3,'2019-01-13 17:48:37'),(9845,490,84,'NYG',3,'2019-01-13 17:48:37'),(9846,490,85,'SEA',3,'2019-01-13 17:48:37'),(9847,490,86,'NE',3,'2019-01-13 17:48:37'),(9848,490,87,'NYG',3,'2019-01-13 17:48:37'),(9849,490,88,'NYG',3,'2019-01-13 17:48:37'),(9850,491,78,'HOU',3,'2019-01-13 17:48:37'),(9851,491,79,'PIT',3,'2019-01-13 17:48:37'),(9852,491,80,'NYG',3,'2019-01-13 17:48:37'),(9853,491,81,'SEA',3,'2019-01-13 17:48:37'),(9854,491,82,'NE',3,'2019-01-13 17:48:37'),(9855,491,83,'KC',3,'2019-01-13 17:48:37'),(9856,491,84,'NYG',3,'2019-01-13 17:48:37'),(9857,491,85,'ATL',3,'2019-01-13 17:48:37'),(9858,491,86,'NE',3,'2019-01-13 17:48:37'),(9859,491,87,'NYG',3,'2019-01-13 17:48:37'),(9860,491,88,'NE',3,'2019-01-13 17:48:37'),(9861,492,78,'HOU',3,'2019-01-13 17:48:37'),(9862,492,79,'PIT',3,'2019-01-13 17:48:37'),(9863,492,80,'GB',3,'2019-01-13 17:48:37'),(9864,492,81,'SEA',3,'2019-01-13 17:48:37'),(9865,492,82,'NE',3,'2019-01-13 17:48:37'),(9866,492,83,'KC',3,'2019-01-13 17:48:37'),(9867,492,84,'GB',3,'2019-01-13 17:48:37'),(9868,492,85,'ATL',3,'2019-01-13 17:48:37'),(9869,492,86,'NE',3,'2019-01-13 17:48:37'),(9870,492,87,'GB',3,'2019-01-13 17:48:37'),(9871,492,88,'GB',3,'2019-01-13 17:48:37'),(9872,493,78,'HOU',3,'2019-01-13 17:48:37'),(9873,493,79,'PIT',3,'2019-01-13 17:48:37'),(9874,493,80,'GB',3,'2019-01-13 17:48:37'),(9875,493,81,'SEA',3,'2019-01-13 17:48:37'),(9876,493,82,'NE',3,'2019-01-13 17:48:37'),(9877,493,83,'PIT',3,'2019-01-13 17:48:37'),(9878,493,84,'GB',3,'2019-01-13 17:48:37'),(9879,493,85,'ATL',3,'2019-01-13 17:48:37'),(9880,493,86,'NE',3,'2019-01-13 17:48:37'),(9881,493,87,'GB',3,'2019-01-13 17:48:37'),(9882,493,88,'NE',3,'2019-01-13 17:48:37'),(9883,494,78,'HOU',3,'2019-01-13 17:48:37'),(9884,494,79,'PIT',3,'2019-01-13 17:48:37'),(9885,494,80,'NYG',3,'2019-01-13 17:48:37'),(9886,494,81,'SEA',3,'2019-01-13 17:48:37'),(9887,494,82,'NE',3,'2019-01-13 17:48:37'),(9888,494,83,'KC',3,'2019-01-13 17:48:37'),(9889,494,84,'NYG',3,'2019-01-13 17:48:37'),(9890,494,85,'ATL',3,'2019-01-13 17:48:37'),(9891,494,86,'NE',3,'2019-01-13 17:48:37'),(9892,494,87,'NYG',3,'2019-01-13 17:48:37'),(9893,494,88,'NYG',3,'2019-01-13 17:48:37'),(9894,495,78,'HOU',3,'2019-01-13 17:48:37'),(9895,495,79,'PIT',3,'2019-01-13 17:48:37'),(9896,495,80,'GB',3,'2019-01-13 17:48:37'),(9897,495,81,'SEA',3,'2019-01-13 17:48:37'),(9898,495,82,'NE',3,'2019-01-13 17:48:37'),(9899,495,83,'KC',3,'2019-01-13 17:48:37'),(9900,495,84,'GB',3,'2019-01-13 17:48:37'),(9901,495,85,'SEA',3,'2019-01-13 17:48:37'),(9902,495,86,'NE',3,'2019-01-13 17:48:37'),(9903,495,87,'GB',3,'2019-01-13 17:48:37'),(9904,495,88,'NE',3,'2019-01-13 17:48:37'),(9905,496,78,'HOU',3,'2019-01-13 17:48:37'),(9906,496,79,'PIT',3,'2019-01-13 17:48:37'),(9907,496,80,'GB',3,'2019-01-13 17:48:37'),(9908,496,81,'SEA',3,'2019-01-13 17:48:37'),(9909,496,82,'NE',3,'2019-01-13 17:48:37'),(9910,496,83,'PIT',3,'2019-01-13 17:48:37'),(9911,496,84,'DAL',3,'2019-01-13 17:48:37'),(9912,496,85,'ATL',3,'2019-01-13 17:48:37'),(9913,496,86,'NE',3,'2019-01-13 17:48:37'),(9914,496,87,'DAL',3,'2019-01-13 17:48:37'),(9915,496,88,'NE',3,'2019-01-13 17:48:37'),(9916,497,78,'HOU',3,'2019-01-13 17:48:37'),(9917,497,79,'PIT',3,'2019-01-13 17:48:37'),(9918,497,80,'NYG',3,'2019-01-13 17:48:37'),(9919,497,81,'DET',3,'2019-01-13 17:48:37'),(9920,497,82,'NE',3,'2019-01-13 17:48:37'),(9921,497,83,'KC',3,'2019-01-13 17:48:37'),(9922,497,84,'DAL',3,'2019-01-13 17:48:37'),(9923,497,85,'ATL',3,'2019-01-13 17:48:37'),(9924,497,86,'NE',3,'2019-01-13 17:48:37'),(9925,497,87,'ATL',3,'2019-01-13 17:48:37'),(9926,497,88,'NE',3,'2019-01-13 17:48:37'),(9927,498,78,'HOU',3,'2019-01-13 17:48:37'),(9928,498,79,'PIT',3,'2019-01-13 17:48:37'),(9929,498,80,'GB',3,'2019-01-13 17:48:37'),(9930,498,81,'SEA',3,'2019-01-13 17:48:37'),(9931,498,82,'NE',3,'2019-01-13 17:48:37'),(9932,498,83,'PIT',3,'2019-01-13 17:48:37'),(9933,498,84,'DAL',3,'2019-01-13 17:48:37'),(9934,498,85,'ATL',3,'2019-01-13 17:48:37'),(9935,498,86,'NE',3,'2019-01-13 17:48:37'),(9936,498,87,'DAL',3,'2019-01-13 17:48:37'),(9937,498,88,'NE',3,'2019-01-13 17:48:37'),(9938,499,78,'OAK',3,'2019-01-13 17:48:37'),(9939,499,79,'PIT',3,'2019-01-13 17:48:37'),(9940,499,80,'NYG',3,'2019-01-13 17:48:37'),(9941,499,81,'SEA',3,'2019-01-13 17:48:37'),(9942,499,82,'NE',3,'2019-01-13 17:48:37'),(9943,499,83,'PIT',3,'2019-01-13 17:48:37'),(9944,499,84,'DAL',3,'2019-01-13 17:48:37'),(9945,499,85,'SEA',3,'2019-01-13 17:48:37'),(9946,499,86,'PIT',3,'2019-01-13 17:48:37'),(9947,499,87,'DAL',3,'2019-01-13 17:48:37'),(9948,499,88,'PIT',3,'2019-01-13 17:48:37'),(9949,500,78,'HOU',3,'2019-01-13 17:48:37'),(9950,500,79,'PIT',3,'2019-01-13 17:48:37'),(9951,500,80,'GB',3,'2019-01-13 17:48:37'),(9952,500,81,'SEA',3,'2019-01-13 17:48:37'),(9953,500,82,'NE',3,'2019-01-13 17:48:37'),(9954,500,83,'KC',3,'2019-01-13 17:48:37'),(9955,500,84,'GB',3,'2019-01-13 17:48:37'),(9956,500,85,'ATL',3,'2019-01-13 17:48:37'),(9957,500,86,'KC',3,'2019-01-13 17:48:37'),(9958,500,87,'GB',3,'2019-01-13 17:48:37'),(9959,500,88,'GB',3,'2019-01-13 17:48:37'),(9960,501,78,'OAK',3,'2019-01-13 17:48:37'),(9961,501,79,'PIT',3,'2019-01-13 17:48:37'),(9962,501,80,'GB',3,'2019-01-13 17:48:37'),(9963,501,81,'SEA',3,'2019-01-13 17:48:37'),(9964,501,82,'NE',3,'2019-01-13 17:48:37'),(9965,501,83,'KC',3,'2019-01-13 17:48:37'),(9966,501,84,'GB',3,'2019-01-13 17:48:37'),(9967,501,85,'ATL',3,'2019-01-13 17:48:37'),(9968,501,86,'NE',3,'2019-01-13 17:48:37'),(9969,501,87,'GB',3,'2019-01-13 17:48:37'),(9970,501,88,'GB',3,'2019-01-13 17:48:37'),(9971,502,78,'OAK',3,'2019-01-13 17:48:37'),(9972,502,79,'PIT',3,'2019-01-13 17:48:37'),(9973,502,80,'GB',3,'2019-01-13 17:48:37'),(9974,502,81,'SEA',3,'2019-01-13 17:48:37'),(9975,502,82,'NE',3,'2019-01-13 17:48:37'),(9976,502,83,'KC',3,'2019-01-13 17:48:37'),(9977,502,84,'DAL',3,'2019-01-13 17:48:37'),(9978,502,85,'ATL',3,'2019-01-13 17:48:37'),(9979,502,86,'NE',3,'2019-01-13 17:48:37'),(9980,502,87,'ATL',3,'2019-01-13 17:48:37'),(9981,502,88,'ATL',3,'2019-01-13 17:48:37'),(9982,503,78,'HOU',3,'2019-01-13 17:48:37'),(9983,503,79,'PIT',3,'2019-01-13 17:48:37'),(9984,503,80,'NYG',3,'2019-01-13 17:48:37'),(9985,503,81,'DET',3,'2019-01-13 17:48:37'),(9986,503,82,'NE',3,'2019-01-13 17:48:37'),(9987,503,83,'PIT',3,'2019-01-13 17:48:37'),(9988,503,84,'DET',3,'2019-01-13 17:48:37'),(9989,503,85,'ATL',3,'2019-01-13 17:48:37'),(9990,503,86,'PIT',3,'2019-01-13 17:48:37'),(9991,503,87,'ATL',3,'2019-01-13 17:48:37'),(9992,503,88,'PIT',3,'2019-01-13 17:48:37'),(9993,504,78,'OAK',3,'2019-01-13 17:48:37'),(9994,504,79,'PIT',3,'2019-01-13 17:48:37'),(9995,504,80,'GB',3,'2019-01-13 17:48:37'),(9996,504,81,'SEA',3,'2019-01-13 17:48:37'),(9997,504,82,'NE',3,'2019-01-13 17:48:37'),(9998,504,83,'PIT',3,'2019-01-13 17:48:37'),(9999,504,84,'GB',3,'2019-01-13 17:48:37'),(10000,504,85,'ATL',3,'2019-01-13 17:48:37'),(10001,504,86,'NE',3,'2019-01-13 17:48:37'),(10002,504,87,'ATL',3,'2019-01-13 17:48:37'),(10003,504,88,'NE',3,'2019-01-13 17:48:37'),(10004,505,78,'OAK',3,'2019-01-13 17:48:37'),(10005,505,79,'PIT',3,'2019-01-13 17:48:37'),(10006,505,80,'NYG',3,'2019-01-13 17:48:37'),(10007,505,81,'SEA',3,'2019-01-13 17:48:37'),(10008,505,82,'NE',3,'2019-01-13 17:48:37'),(10009,505,83,'KC',3,'2019-01-13 17:48:37'),(10010,505,84,'NYG',3,'2019-01-13 17:48:37'),(10011,505,85,'SEA',3,'2019-01-13 17:48:37'),(10012,505,86,'KC',3,'2019-01-13 17:48:37'),(10013,505,87,'NYG',3,'2019-01-13 17:48:37'),(10014,505,88,'KC',3,'2019-01-13 17:48:37'),(10015,506,78,'HOU',3,'2019-01-13 17:48:37'),(10016,506,79,'PIT',3,'2019-01-13 17:48:37'),(10017,506,80,'NYG',3,'2019-01-13 17:48:37'),(10018,506,81,'SEA',3,'2019-01-13 17:48:37'),(10019,506,82,'NE',3,'2019-01-13 17:48:37'),(10020,506,83,'PIT',3,'2019-01-13 17:48:37'),(10021,506,84,'DAL',3,'2019-01-13 17:48:37'),(10022,506,85,'SEA',3,'2019-01-13 17:48:37'),(10023,506,86,'PIT',3,'2019-01-13 17:48:37'),(10024,506,87,'DAL',3,'2019-01-13 17:48:37'),(10025,506,88,'PIT',3,'2019-01-13 17:48:37'),(10026,507,78,'OAK',3,'2019-01-13 17:48:37'),(10027,507,79,'PIT',3,'2019-01-13 17:48:37'),(10028,507,80,'GB',3,'2019-01-13 17:48:37'),(10029,507,81,'DET',3,'2019-01-13 17:48:37'),(10030,507,82,'NE',3,'2019-01-13 17:48:37'),(10031,507,83,'KC',3,'2019-01-13 17:48:37'),(10032,507,84,'DAL',3,'2019-01-13 17:48:37'),(10033,507,85,'GB',3,'2019-01-13 17:48:37'),(10034,507,86,'NE',3,'2019-01-13 17:48:37'),(10035,507,87,'GB',3,'2019-01-13 17:48:37'),(10036,507,88,'NE',3,'2019-01-13 17:48:37'),(10037,508,78,'HOU',3,'2019-01-13 17:48:37'),(10038,508,79,'PIT',3,'2019-01-13 17:48:37'),(10039,508,80,'GB',3,'2019-01-13 17:48:37'),(10040,508,81,'SEA',3,'2019-01-13 17:48:37'),(10041,508,82,'NE',3,'2019-01-13 17:48:37'),(10042,508,83,'KC',3,'2019-01-13 17:48:37'),(10043,508,84,'DAL',3,'2019-01-13 17:48:37'),(10044,508,85,'ATL',3,'2019-01-13 17:48:37'),(10045,508,86,'NE',3,'2019-01-13 17:48:37'),(10046,508,87,'DAL',3,'2019-01-13 17:48:37'),(10047,508,88,'NE',3,'2019-01-13 17:48:37'),(10048,509,78,'HOU',3,'2019-01-13 17:48:37'),(10049,509,79,'PIT',3,'2019-01-13 17:48:37'),(10050,509,80,'GB',3,'2019-01-13 17:48:37'),(10051,509,81,'SEA',3,'2019-01-13 17:48:37'),(10052,509,82,'NE',3,'2019-01-13 17:48:37'),(10053,509,83,'KC',3,'2019-01-13 17:48:37'),(10054,509,84,'DAL',3,'2019-01-13 17:48:37'),(10055,509,85,'ATL',3,'2019-01-13 17:48:37'),(10056,509,86,'NE',3,'2019-01-13 17:48:37'),(10057,509,87,'DAL',3,'2019-01-13 17:48:37'),(10058,509,88,'DAL',3,'2019-01-13 17:48:37'),(10059,510,78,'HOU',3,'2019-01-13 17:48:37'),(10060,510,79,'PIT',3,'2019-01-13 17:48:37'),(10061,510,80,'NYG',3,'2019-01-13 17:48:37'),(10062,510,81,'DET',3,'2019-01-13 17:48:37'),(10063,510,82,'NE',3,'2019-01-13 17:48:37'),(10064,510,83,'KC',3,'2019-01-13 17:48:37'),(10065,510,84,'DAL',3,'2019-01-13 17:48:37'),(10066,510,85,'ATL',3,'2019-01-13 17:48:37'),(10067,510,86,'NE',3,'2019-01-13 17:48:37'),(10068,510,87,'DAL',3,'2019-01-13 17:48:37'),(10069,510,88,'NE',3,'2019-01-13 17:48:37'),(10070,511,78,'HOU',3,'2019-01-13 17:48:37'),(10071,511,79,'PIT',3,'2019-01-13 17:48:37'),(10072,511,80,'GB',3,'2019-01-13 17:48:37'),(10073,511,81,'SEA',3,'2019-01-13 17:48:37'),(10074,511,82,'NE',3,'2019-01-13 17:48:37'),(10075,511,83,'PIT',3,'2019-01-13 17:48:37'),(10076,511,84,'GB',3,'2019-01-13 17:48:37'),(10077,511,85,'ATL',3,'2019-01-13 17:48:37'),(10078,511,86,'NE',3,'2019-01-13 17:48:37'),(10079,511,87,'ATL',3,'2019-01-13 17:48:37'),(10080,511,88,'ATL',3,'2019-01-13 17:48:37'),(10081,512,78,'OAK',3,'2019-01-13 17:48:37'),(10082,512,79,'PIT',3,'2019-01-13 17:48:37'),(10083,512,80,'GB',3,'2019-01-13 17:48:37'),(10084,512,81,'SEA',3,'2019-01-13 17:48:37'),(10085,512,82,'NE',3,'2019-01-13 17:48:37'),(10086,512,83,'PIT',3,'2019-01-13 17:48:37'),(10087,512,84,'DAL',3,'2019-01-13 17:48:37'),(10088,512,85,'SEA',3,'2019-01-13 17:48:37'),(10089,512,86,'NE',3,'2019-01-13 17:48:37'),(10090,512,87,'DAL',3,'2019-01-13 17:48:37'),(10091,512,88,'NE',3,'2019-01-13 17:48:37'),(10092,513,78,'HOU',3,'2019-01-13 17:48:37'),(10093,513,79,'PIT',3,'2019-01-13 17:48:37'),(10094,513,80,'GB',3,'2019-01-13 17:48:37'),(10095,513,81,'SEA',3,'2019-01-13 17:48:37'),(10096,513,82,'NE',3,'2019-01-13 17:48:37'),(10097,513,83,'PIT',3,'2019-01-13 17:48:37'),(10098,513,84,'DAL',3,'2019-01-13 17:48:37'),(10099,513,85,'ATL',3,'2019-01-13 17:48:37'),(10100,513,86,'NE',3,'2019-01-13 17:48:37'),(10101,513,87,'ATL',3,'2019-01-13 17:48:37'),(10102,513,88,'ATL',3,'2019-01-13 17:48:37'),(10103,514,78,'OAK',3,'2019-01-13 17:48:37'),(10104,514,79,'PIT',3,'2019-01-13 17:48:37'),(10105,514,80,'NYG',3,'2019-01-13 17:48:37'),(10106,514,81,'DET',3,'2019-01-13 17:48:37'),(10107,514,82,'NE',3,'2019-01-13 17:48:37'),(10108,514,83,'KC',3,'2019-01-13 17:48:37'),(10109,514,84,'DAL',3,'2019-01-13 17:48:37'),(10110,514,85,'ATL',3,'2019-01-13 17:48:37'),(10111,514,86,'NE',3,'2019-01-13 17:48:37'),(10112,514,87,'ATL',3,'2019-01-13 17:48:37'),(10113,514,88,'ATL',3,'2019-01-13 17:48:37'),(10114,515,78,'OAK',3,'2019-01-13 17:48:37'),(10115,515,79,'PIT',3,'2019-01-13 17:48:37'),(10116,515,80,'GB',3,'2019-01-13 17:48:37'),(10117,515,81,'SEA',3,'2019-01-13 17:48:37'),(10118,515,82,'NE',3,'2019-01-13 17:48:37'),(10119,515,83,'KC',3,'2019-01-13 17:48:37'),(10120,515,84,'GB',3,'2019-01-13 17:48:37'),(10121,515,85,'SEA',3,'2019-01-13 17:48:37'),(10122,515,86,'NE',3,'2019-01-13 17:48:37'),(10123,515,87,'SEA',3,'2019-01-13 17:48:37'),(10124,515,88,'NE',3,'2019-01-13 17:48:37'),(10125,516,78,'OAK',3,'2019-01-13 17:48:37'),(10126,516,79,'MIA',3,'2019-01-13 17:48:37'),(10127,516,80,'GB',3,'2019-01-13 17:48:37'),(10128,516,81,'SEA',3,'2019-01-13 17:48:37'),(10129,516,82,'NE',3,'2019-01-13 17:48:37'),(10130,516,83,'OAK',3,'2019-01-13 17:48:37'),(10131,516,84,'GB',3,'2019-01-13 17:48:37'),(10132,516,85,'SEA',3,'2019-01-13 17:48:37'),(10133,516,86,'NE',3,'2019-01-13 17:48:37'),(10134,516,87,'SEA',3,'2019-01-13 17:48:37'),(10135,516,88,'SEA',3,'2019-01-13 17:48:37'),(10136,517,78,'HOU',3,'2019-01-13 17:48:37'),(10137,517,79,'PIT',3,'2019-01-13 17:48:37'),(10138,517,80,'GB',3,'2019-01-13 17:48:37'),(10139,517,81,'SEA',3,'2019-01-13 17:48:37'),(10140,517,82,'NE',3,'2019-01-13 17:48:37'),(10141,517,83,'PIT',3,'2019-01-13 17:48:37'),(10142,517,84,'DAL',3,'2019-01-13 17:48:37'),(10143,517,85,'ATL',3,'2019-01-13 17:48:37'),(10144,517,86,'NE',3,'2019-01-13 17:48:37'),(10145,517,87,'DAL',3,'2019-01-13 17:48:37'),(10146,517,88,'NE',3,'2019-01-13 17:48:37'),(10147,518,78,'OAK',3,'2019-01-13 17:48:37'),(10148,518,79,'PIT',3,'2019-01-13 17:48:37'),(10149,518,80,'NYG',3,'2019-01-13 17:48:37'),(10150,518,81,'SEA',3,'2019-01-13 17:48:37'),(10151,518,82,'NE',3,'2019-01-13 17:48:37'),(10152,518,83,'KC',3,'2019-01-13 17:48:37'),(10153,518,84,'NYG',3,'2019-01-13 17:48:37'),(10154,518,85,'ATL',3,'2019-01-13 17:48:37'),(10155,518,86,'NE',3,'2019-01-13 17:48:37'),(10156,518,87,'ATL',3,'2019-01-13 17:48:37'),(10157,518,88,'NE',3,'2019-01-13 17:48:37'),(10158,519,78,'HOU',3,'2019-01-13 17:48:37'),(10159,519,79,'PIT',3,'2019-01-13 17:48:37'),(10160,519,80,'GB',3,'2019-01-13 17:48:37'),(10161,519,81,'SEA',3,'2019-01-13 17:48:37'),(10162,519,82,'NE',3,'2019-01-13 17:48:37'),(10163,519,83,'KC',3,'2019-01-13 17:48:37'),(10164,519,84,'DAL',3,'2019-01-13 17:48:37'),(10165,519,85,'SEA',3,'2019-01-13 17:48:37'),(10166,519,86,'NE',3,'2019-01-13 17:48:37'),(10167,519,87,'DAL',3,'2019-01-13 17:48:37'),(10168,519,88,'NE',3,'2019-01-13 17:48:37'),(10169,520,78,'HOU',3,'2019-01-13 17:48:37'),(10170,520,79,'PIT',3,'2019-01-13 17:48:37'),(10171,520,80,'NYG',3,'2019-01-13 17:48:37'),(10172,520,81,'SEA',3,'2019-01-13 17:48:37'),(10173,520,82,'NE',3,'2019-01-13 17:48:37'),(10174,520,83,'KC',3,'2019-01-13 17:48:37'),(10175,520,84,'NYG',3,'2019-01-13 17:48:37'),(10176,520,85,'SEA',3,'2019-01-13 17:48:37'),(10177,520,86,'NE',3,'2019-01-13 17:48:37'),(10178,520,87,'SEA',3,'2019-01-13 17:48:37'),(10179,520,88,'NE',3,'2019-01-13 17:48:37'),(10180,521,129,'BUF',8,'2020-01-01 15:55:51'),(10181,521,130,'NE',8,'2020-01-01 15:55:51'),(10182,521,131,'SEA',8,'2020-01-01 15:55:51'),(10183,521,132,'NO',8,'2020-01-01 15:55:52'),(10184,521,133,'BAL',8,'2020-01-01 15:55:52'),(10185,521,134,'KC',8,'2020-01-01 15:55:52'),(10186,521,135,'SF',8,'2020-01-01 15:55:52'),(10187,521,136,'NO',8,'2020-01-01 15:55:52'),(10188,521,137,'BAL',8,'2020-01-01 15:55:52'),(10189,521,138,'NO',8,'2020-01-01 15:55:52'),(10190,521,139,'NO',8,'2020-01-01 15:55:52'),(10191,522,129,'HOU',8,'2020-01-01 16:41:15'),(10192,522,130,'NE',8,'2020-01-01 16:41:15'),(10193,522,131,'PHI',8,'2020-01-01 16:41:15'),(10194,522,132,'NO',8,'2020-01-01 16:41:15'),(10195,522,133,'BAL',8,'2020-01-01 16:41:15'),(10196,522,134,'KC',8,'2020-01-01 16:41:15'),(10197,522,135,'SF',8,'2020-01-01 16:41:15'),(10198,522,136,'NO',8,'2020-01-01 16:41:15'),(10199,522,137,'BAL',8,'2020-01-01 16:41:15'),(10200,522,138,'SF',8,'2020-01-01 16:41:16'),(10201,522,139,'SF',8,'2020-01-01 16:41:16'),(10202,531,129,'BUF',8,'2020-01-01 17:07:06'),(10203,531,130,'NE',8,'2020-01-01 17:07:06'),(10204,531,131,'SEA',8,'2020-01-01 17:07:07'),(10205,531,132,'NO',8,'2020-01-01 17:07:07'),(10206,531,133,'BAL',8,'2020-01-01 17:07:07'),(10207,531,134,'KC',8,'2020-01-01 17:07:07'),(10208,531,135,'SF',8,'2020-01-01 17:07:07'),(10209,531,136,'NO',8,'2020-01-01 17:07:07'),(10210,531,137,'BAL',8,'2020-01-01 17:07:07'),(10211,531,138,'NO',8,'2020-01-01 17:07:07'),(10212,531,139,'BAL',8,'2020-01-01 17:07:07'),(10213,527,129,'HOU',8,'2020-01-01 17:18:58'),(10214,527,130,'NE',8,'2020-01-01 17:18:58'),(10215,527,131,'SEA',8,'2020-01-01 17:18:58'),(10216,527,132,'NO',8,'2020-01-01 17:18:58'),(10217,527,133,'BAL',8,'2020-01-01 17:18:59'),(10218,527,134,'KC',8,'2020-01-01 17:18:59'),(10219,527,135,'SF',8,'2020-01-01 17:18:59'),(10220,527,136,'NO',8,'2020-01-01 17:18:59'),(10221,527,137,'BAL',8,'2020-01-01 17:18:59'),(10222,527,138,'SF',8,'2020-01-01 17:18:59'),(10223,527,139,'BAL',8,'2020-01-01 17:18:59'),(10224,525,129,'BUF',8,'2020-01-01 18:15:23'),(10225,525,130,'NE',8,'2020-01-01 18:15:23'),(10226,525,131,'SEA',8,'2020-01-01 18:15:23'),(10227,525,132,'NO',8,'2020-01-01 18:15:23'),(10228,525,133,'BAL',8,'2020-01-01 18:15:23'),(10229,525,134,'KC',8,'2020-01-01 18:15:23'),(10230,525,135,'SF',8,'2020-01-01 18:15:23'),(10231,525,136,'NO',8,'2020-01-01 18:15:23'),(10232,525,137,'BAL',8,'2020-01-01 18:15:23'),(10233,525,138,'NO',8,'2020-01-01 18:15:24'),(10234,525,139,'NO',8,'2020-01-01 18:15:24'),(10235,523,129,'HOU',8,'2020-01-02 01:48:26'),(10236,523,130,'TEN',8,'2020-01-02 01:48:26'),(10237,523,131,'SEA',8,'2020-01-02 01:48:26'),(10238,523,132,'NO',8,'2020-01-02 01:48:26'),(10239,523,133,'BAL',8,'2020-01-02 01:48:26'),(10240,523,134,'KC',8,'2020-01-02 01:48:27'),(10241,523,135,'SF',8,'2020-01-02 01:48:27'),(10242,523,136,'NO',8,'2020-01-02 01:48:27'),(10243,523,137,'KC',8,'2020-01-02 01:48:27'),(10244,523,138,'NO',8,'2020-01-02 01:48:27'),(10245,523,139,'KC',8,'2020-01-02 01:48:27'),(10246,524,129,'HOU',8,'2020-01-02 14:43:04'),(10247,524,130,'TEN',8,'2020-01-02 14:43:04'),(10248,524,131,'SEA',8,'2020-01-02 14:43:05'),(10249,524,132,'NO',8,'2020-01-02 14:43:05'),(10250,524,133,'BAL',8,'2020-01-02 14:43:05'),(10251,524,134,'KC',8,'2020-01-02 14:43:05'),(10252,524,135,'SF',8,'2020-01-02 14:43:05'),(10253,524,136,'NO',8,'2020-01-02 14:43:05'),(10254,524,137,'BAL',8,'2020-01-02 14:43:05'),(10255,524,138,'NO',8,'2020-01-02 14:43:05'),(10256,524,139,'NO',8,'2020-01-02 14:43:05'),(10301,526,129,'BUF',8,'2020-01-02 23:43:00'),(10302,526,130,'NE',8,'2020-01-02 23:43:00'),(10303,526,131,'PHI',8,'2020-01-02 23:43:00'),(10304,526,132,'NO',8,'2020-01-02 23:43:00'),(10305,526,133,'BUF',8,'2020-01-02 23:43:00'),(10306,526,134,'NE',8,'2020-01-02 23:43:00'),(10307,526,135,'PHI',8,'2020-01-02 23:43:00'),(10308,526,136,'NO',8,'2020-01-02 23:43:00'),(10309,526,137,'NE',8,'2020-01-02 23:43:00'),(10310,526,138,'NO',8,'2020-01-02 23:43:01'),(10311,526,139,'NO',8,'2020-01-02 23:43:01'),(10312,528,129,'BUF',8,'2020-01-03 00:01:18'),(10313,528,130,'TEN',8,'2020-01-03 00:01:18'),(10314,528,131,'SEA',8,'2020-01-03 00:01:18'),(10315,528,132,'NO',8,'2020-01-03 00:01:19'),(10316,528,133,'BAL',8,'2020-01-03 00:01:19'),(10317,528,134,'BUF',8,'2020-01-03 00:01:19'),(10318,528,135,'SF',8,'2020-01-03 00:01:19'),(10319,528,136,'NO',8,'2020-01-03 00:01:19'),(10320,528,137,'BAL',8,'2020-01-03 00:01:19'),(10321,528,138,'SF',8,'2020-01-03 00:01:19'),(10322,528,139,'BAL',8,'2020-01-03 00:01:19'),(10323,534,129,'HOU',7,'2020-01-04 20:52:52'),(10324,534,130,'NE',7,'2020-01-04 20:52:52'),(10325,534,131,'SEA',7,'2020-01-04 20:52:52'),(10326,534,132,'NO',7,'2020-01-04 20:52:52'),(10327,534,133,'BAL',7,'2020-01-04 20:52:52'),(10328,534,134,'KC',7,'2020-01-04 20:52:52'),(10329,534,135,'SF',7,'2020-01-04 20:52:52'),(10330,534,136,'NO',7,'2020-01-04 20:52:52'),(10331,534,137,'BAL',7,'2020-01-04 20:52:52'),(10332,534,138,'NO',7,'2020-01-04 20:52:52'),(10333,534,139,'BAL',7,'2020-01-04 20:52:52'),(10334,535,129,'HOU',7,'2020-01-04 20:52:52'),(10335,535,130,'NE',7,'2020-01-04 20:52:52'),(10336,535,131,'SEA',7,'2020-01-04 20:52:52'),(10337,535,132,'NO',7,'2020-01-04 20:52:52'),(10338,535,133,'BAL',7,'2020-01-04 20:52:52'),(10339,535,134,'KC',7,'2020-01-04 20:52:52'),(10340,535,135,'SEA',7,'2020-01-04 20:52:52'),(10341,535,136,'NO',7,'2020-01-04 20:52:52'),(10342,535,137,'BAL',7,'2020-01-04 20:52:52'),(10343,535,138,'NO',7,'2020-01-04 20:52:52'),(10344,535,139,'NO',7,'2020-01-04 20:52:52'),(10345,536,129,'BUF',7,'2020-01-04 20:52:52'),(10346,536,130,'NE',7,'2020-01-04 20:52:52'),(10347,536,131,'SEA',7,'2020-01-04 20:52:52'),(10348,536,132,'NO',7,'2020-01-04 20:52:52'),(10349,536,133,'BAL',7,'2020-01-04 20:52:52'),(10350,536,134,'KC',7,'2020-01-04 20:52:52'),(10351,536,135,'SF',7,'2020-01-04 20:52:52'),(10352,536,136,'GB',7,'2020-01-04 20:52:52'),(10353,536,137,'KC',7,'2020-01-04 20:52:52'),(10354,536,138,'SF',7,'2020-01-04 20:52:52'),(10355,536,139,'SF',7,'2020-01-04 20:52:52'),(10356,537,129,'BUF',7,'2020-01-04 20:52:52'),(10357,537,130,'NE',7,'2020-01-04 20:52:52'),(10358,537,131,'SEA',7,'2020-01-04 20:52:52'),(10359,537,132,'NO',7,'2020-01-04 20:52:52'),(10360,537,133,'BAL',7,'2020-01-04 20:52:52'),(10361,537,134,'KC',7,'2020-01-04 20:52:52'),(10362,537,135,'SEA',7,'2020-01-04 20:52:52'),(10363,537,136,'NO',7,'2020-01-04 20:52:52'),(10364,537,137,'KC',7,'2020-01-04 20:52:52'),(10365,537,138,'NO',7,'2020-01-04 20:52:52'),(10366,537,139,'NO',7,'2020-01-04 20:52:52'),(10367,538,129,'BUF',7,'2020-01-04 20:52:52'),(10368,538,130,'TEN',7,'2020-01-04 20:52:52'),(10369,538,131,'SEA',7,'2020-01-04 20:52:52'),(10370,538,132,'NO',7,'2020-01-04 20:52:52'),(10371,538,133,'BAL',7,'2020-01-04 20:52:52'),(10372,538,134,'KC',7,'2020-01-04 20:52:52'),(10373,538,135,'SF',7,'2020-01-04 20:52:52'),(10374,538,136,'GB',7,'2020-01-04 20:52:52'),(10375,538,137,'BAL',7,'2020-01-04 20:52:52'),(10376,538,138,'SF',7,'2020-01-04 20:52:52'),(10377,538,139,'BAL',7,'2020-01-04 20:52:52'),(10378,539,129,'HOU',7,'2020-01-04 20:52:52'),(10379,539,130,'NE',7,'2020-01-04 20:52:52'),(10380,539,131,'SEA',7,'2020-01-04 20:52:52'),(10381,539,132,'NO',7,'2020-01-04 20:52:52'),(10382,539,133,'BAL',7,'2020-01-04 20:52:52'),(10383,539,134,'NE',7,'2020-01-04 20:52:52'),(10384,539,135,'SEA',7,'2020-01-04 20:52:52'),(10385,539,136,'NO',7,'2020-01-04 20:52:52'),(10386,539,137,'BAL',7,'2020-01-04 20:52:52'),(10387,539,138,'NO',7,'2020-01-04 20:52:52'),(10388,539,139,'NO',7,'2020-01-04 20:52:52'),(10389,540,129,'BUF',7,'2020-01-04 20:52:52'),(10390,540,130,'TEN',7,'2020-01-04 20:52:52'),(10391,540,131,'SEA',7,'2020-01-04 20:52:52'),(10392,540,132,'NO',7,'2020-01-04 20:52:52'),(10393,540,133,'BAL',7,'2020-01-04 20:52:52'),(10394,540,134,'KC',7,'2020-01-04 20:52:52'),(10395,540,135,'SF',7,'2020-01-04 20:52:52'),(10396,540,136,'NO',7,'2020-01-04 20:52:52'),(10397,540,137,'BAL',7,'2020-01-04 20:52:52'),(10398,540,138,'NO',7,'2020-01-04 20:52:52'),(10399,540,139,'BAL',7,'2020-01-04 20:52:52'),(10400,541,129,'BUF',7,'2020-01-04 20:52:52'),(10401,541,130,'NE',7,'2020-01-04 20:52:52'),(10402,541,131,'SEA',7,'2020-01-04 20:52:52'),(10403,541,132,'NO',7,'2020-01-04 20:52:52'),(10404,541,133,'BAL',7,'2020-01-04 20:52:52'),(10405,541,134,'KC',7,'2020-01-04 20:52:52'),(10406,541,135,'SF',7,'2020-01-04 20:52:52'),(10407,541,136,'NO',7,'2020-01-04 20:52:52'),(10408,541,137,'KC',7,'2020-01-04 20:52:52'),(10409,541,138,'SF',7,'2020-01-04 20:52:52'),(10410,541,139,'SF',7,'2020-01-04 20:52:52'),(10411,542,129,'BUF',7,'2020-01-04 20:52:52'),(10412,542,130,'NE',7,'2020-01-04 20:52:52'),(10413,542,131,'SEA',7,'2020-01-04 20:52:52'),(10414,542,132,'NO',7,'2020-01-04 20:52:52'),(10415,542,133,'BAL',7,'2020-01-04 20:52:52'),(10416,542,134,'KC',7,'2020-01-04 20:52:52'),(10417,542,135,'SF',7,'2020-01-04 20:52:52'),(10418,542,136,'GB',7,'2020-01-04 20:52:52'),(10419,542,137,'KC',7,'2020-01-04 20:52:52'),(10420,542,138,'SF',7,'2020-01-04 20:52:52'),(10421,542,139,'KC',7,'2020-01-04 20:52:52'),(10422,543,129,'BUF',7,'2020-01-04 20:52:52'),(10423,543,130,'NE',7,'2020-01-04 20:52:52'),(10424,543,131,'SEA',7,'2020-01-04 20:52:52'),(10425,543,132,'NO',7,'2020-01-04 20:52:52'),(10426,543,133,'BAL',7,'2020-01-04 20:52:52'),(10427,543,134,'KC',7,'2020-01-04 20:52:52'),(10428,543,135,'SEA',7,'2020-01-04 20:52:52'),(10429,543,136,'NO',7,'2020-01-04 20:52:52'),(10430,543,137,'BAL',7,'2020-01-04 20:52:52'),(10431,543,138,'NO',7,'2020-01-04 20:52:52'),(10432,543,139,'BAL',7,'2020-01-04 20:52:52'),(10433,544,129,'HOU',7,'2020-01-04 20:52:52'),(10434,544,130,'NE',7,'2020-01-04 20:52:52'),(10435,544,131,'PHI',7,'2020-01-04 20:52:52'),(10436,544,132,'NO',7,'2020-01-04 20:52:52'),(10437,544,133,'BAL',7,'2020-01-04 20:52:52'),(10438,544,134,'NE',7,'2020-01-04 20:52:52'),(10439,544,135,'SF',7,'2020-01-04 20:52:52'),(10440,544,136,'NO',7,'2020-01-04 20:52:52'),(10441,544,137,'BAL',7,'2020-01-04 20:52:52'),(10442,544,138,'SF',7,'2020-01-04 20:52:52'),(10443,544,139,'BAL',7,'2020-01-04 20:52:52'),(10444,545,129,'BUF',7,'2020-01-04 20:52:52'),(10445,545,130,'NE',7,'2020-01-04 20:52:52'),(10446,545,131,'SEA',7,'2020-01-04 20:52:52'),(10447,545,132,'NO',7,'2020-01-04 20:52:52'),(10448,545,133,'BUF',7,'2020-01-04 20:52:52'),(10449,545,134,'KC',7,'2020-01-04 20:52:52'),(10450,545,135,'SF',7,'2020-01-04 20:52:52'),(10451,545,136,'GB',7,'2020-01-04 20:52:52'),(10452,545,137,'KC',7,'2020-01-04 20:52:52'),(10453,545,138,'SF',7,'2020-01-04 20:52:52'),(10454,545,139,'SF',7,'2020-01-04 20:52:52'),(10455,546,129,'BUF',7,'2020-01-04 20:52:52'),(10456,546,130,'NE',7,'2020-01-04 20:52:52'),(10457,546,131,'SEA',7,'2020-01-04 20:52:52'),(10458,546,132,'NO',7,'2020-01-04 20:52:52'),(10459,546,133,'BAL',7,'2020-01-04 20:52:52'),(10460,546,134,'KC',7,'2020-01-04 20:52:52'),(10461,546,135,'SF',7,'2020-01-04 20:52:52'),(10462,546,136,'NO',7,'2020-01-04 20:52:52'),(10463,546,137,'BAL',7,'2020-01-04 20:52:52'),(10464,546,138,'NO',7,'2020-01-04 20:52:52'),(10465,546,139,'NO',7,'2020-01-04 20:52:52'),(10466,547,129,'BUF',7,'2020-01-04 20:52:52'),(10467,547,130,'NE',7,'2020-01-04 20:52:52'),(10468,547,131,'PHI',7,'2020-01-04 20:52:52'),(10469,547,132,'NO',7,'2020-01-04 20:52:52'),(10470,547,133,'BAL',7,'2020-01-04 20:52:52'),(10471,547,134,'KC',7,'2020-01-04 20:52:52'),(10472,547,135,'SF',7,'2020-01-04 20:52:52'),(10473,547,136,'GB',7,'2020-01-04 20:52:52'),(10474,547,137,'KC',7,'2020-01-04 20:52:52'),(10475,547,138,'GB',7,'2020-01-04 20:52:52'),(10476,547,139,'GB',7,'2020-01-04 20:52:52'),(10477,548,129,'HOU',7,'2020-01-04 20:52:52'),(10478,548,130,'NE',7,'2020-01-04 20:52:52'),(10479,548,131,'SEA',7,'2020-01-04 20:52:52'),(10480,548,132,'NO',7,'2020-01-04 20:52:52'),(10481,548,133,'BAL',7,'2020-01-04 20:52:52'),(10482,548,134,'KC',7,'2020-01-04 20:52:52'),(10483,548,135,'SF',7,'2020-01-04 20:52:52'),(10484,548,136,'NO',7,'2020-01-04 20:52:52'),(10485,548,137,'KC',7,'2020-01-04 20:52:52'),(10486,548,138,'SF',7,'2020-01-04 20:52:52'),(10487,548,139,'SF',7,'2020-01-04 20:52:52'),(10488,549,129,'HOU',7,'2020-01-04 20:52:52'),(10489,549,130,'NE',7,'2020-01-04 20:52:52'),(10490,549,131,'SEA',7,'2020-01-04 20:52:52'),(10491,549,132,'NO',7,'2020-01-04 20:52:52'),(10492,549,133,'BAL',7,'2020-01-04 20:52:52'),(10493,549,134,'KC',7,'2020-01-04 20:52:52'),(10494,549,135,'SF',7,'2020-01-04 20:52:52'),(10495,549,136,'GB',7,'2020-01-04 20:52:52'),(10496,549,137,'BAL',7,'2020-01-04 20:52:52'),(10497,549,138,'SF',7,'2020-01-04 20:52:52'),(10498,549,139,'BAL',7,'2020-01-04 20:52:52'),(10499,550,129,'BUF',7,'2020-01-04 20:52:52'),(10500,550,130,'NE',7,'2020-01-04 20:52:52'),(10501,550,131,'PHI',7,'2020-01-04 20:52:52'),(10502,550,132,'NO',7,'2020-01-04 20:52:52'),(10503,550,133,'BAL',7,'2020-01-04 20:52:52'),(10504,550,134,'KC',7,'2020-01-04 20:52:52'),(10505,550,135,'SF',7,'2020-01-04 20:52:52'),(10506,550,136,'NO',7,'2020-01-04 20:52:52'),(10507,550,137,'BAL',7,'2020-01-04 20:52:52'),(10508,550,138,'SF',7,'2020-01-04 20:52:52'),(10509,550,139,'BAL',7,'2020-01-04 20:52:52'),(10510,551,129,'BUF',7,'2020-01-04 20:52:52'),(10511,551,130,'NE',7,'2020-01-04 20:52:52'),(10512,551,131,'SEA',7,'2020-01-04 20:52:52'),(10513,551,132,'NO',7,'2020-01-04 20:52:52'),(10514,551,133,'BAL',7,'2020-01-04 20:52:52'),(10515,551,134,'KC',7,'2020-01-04 20:52:52'),(10516,551,135,'SEA',7,'2020-01-04 20:52:52'),(10517,551,136,'NO',7,'2020-01-04 20:52:52'),(10518,551,137,'BAL',7,'2020-01-04 20:52:52'),(10519,551,138,'NO',7,'2020-01-04 20:52:52'),(10520,551,139,'NO',7,'2020-01-04 20:52:52'),(10521,552,129,'HOU',7,'2020-01-04 20:52:52'),(10522,552,130,'NE',7,'2020-01-04 20:52:52'),(10523,552,131,'PHI',7,'2020-01-04 20:52:52'),(10524,552,132,'NO',7,'2020-01-04 20:52:52'),(10525,552,133,'BAL',7,'2020-01-04 20:52:52'),(10526,552,134,'KC',7,'2020-01-04 20:52:52'),(10527,552,135,'SF',7,'2020-01-04 20:52:52'),(10528,552,136,'GB',7,'2020-01-04 20:52:52'),(10529,552,137,'KC',7,'2020-01-04 20:52:52'),(10530,552,138,'SF',7,'2020-01-04 20:52:52'),(10531,552,139,'KC',7,'2020-01-04 20:52:52'),(10532,553,129,'BUF',7,'2020-01-04 20:52:52'),(10533,553,130,'NE',7,'2020-01-04 20:52:52'),(10534,553,131,'PHI',7,'2020-01-04 20:52:52'),(10535,553,132,'NO',7,'2020-01-04 20:52:52'),(10536,553,133,'BAL',7,'2020-01-04 20:52:52'),(10537,553,134,'KC',7,'2020-01-04 20:52:52'),(10538,553,135,'SF',7,'2020-01-04 20:52:52'),(10539,553,136,'NO',7,'2020-01-04 20:52:52'),(10540,553,137,'KC',7,'2020-01-04 20:52:52'),(10541,553,138,'NO',7,'2020-01-04 20:52:52'),(10542,553,139,'NO',7,'2020-01-04 20:52:52'),(10543,554,129,'HOU',7,'2020-01-04 20:52:52'),(10544,554,130,'NE',7,'2020-01-04 20:52:52'),(10545,554,131,'SEA',7,'2020-01-04 20:52:52'),(10546,554,132,'NO',7,'2020-01-04 20:52:52'),(10547,554,133,'BAL',7,'2020-01-04 20:52:52'),(10548,554,134,'NE',7,'2020-01-04 20:52:52'),(10549,554,135,'SF',7,'2020-01-04 20:52:52'),(10550,554,136,'GB',7,'2020-01-04 20:52:52'),(10551,554,137,'NE',7,'2020-01-04 20:52:52'),(10552,554,138,'SF',7,'2020-01-04 20:52:52'),(10553,554,139,'NE',7,'2020-01-04 20:52:52'),(10554,555,129,'BUF',7,'2020-01-04 20:52:52'),(10555,555,130,'NE',7,'2020-01-04 20:52:52'),(10556,555,131,'PHI',7,'2020-01-04 20:52:52'),(10557,555,132,'NO',7,'2020-01-04 20:52:52'),(10558,555,133,'BAL',7,'2020-01-04 20:52:52'),(10559,555,134,'KC',7,'2020-01-04 20:52:52'),(10560,555,135,'SF',7,'2020-01-04 20:52:52'),(10561,555,136,'NO',7,'2020-01-04 20:52:52'),(10562,555,137,'KC',7,'2020-01-04 20:52:52'),(10563,555,138,'NO',7,'2020-01-04 20:52:52'),(10564,555,139,'NO',7,'2020-01-04 20:52:52'),(10565,556,129,'HOU',7,'2020-01-04 20:52:52'),(10566,556,130,'NE',7,'2020-01-04 20:52:52'),(10567,556,131,'PHI',7,'2020-01-04 20:52:52'),(10568,556,132,'NO',7,'2020-01-04 20:52:52'),(10569,556,133,'BAL',7,'2020-01-04 20:52:52'),(10570,556,134,'NE',7,'2020-01-04 20:52:52'),(10571,556,135,'SF',7,'2020-01-04 20:52:52'),(10572,556,136,'GB',7,'2020-01-04 20:52:52'),(10573,556,137,'BAL',7,'2020-01-04 20:52:52'),(10574,556,138,'SF',7,'2020-01-04 20:52:52'),(10575,556,139,'SF',7,'2020-01-04 20:52:52'),(10576,557,129,'HOU',7,'2020-01-04 20:52:52'),(10577,557,130,'NE',7,'2020-01-04 20:52:52'),(10578,557,131,'SEA',7,'2020-01-04 20:52:52'),(10579,557,132,'NO',7,'2020-01-04 20:52:52'),(10580,557,133,'HOU',7,'2020-01-04 20:52:52'),(10581,557,134,'KC',7,'2020-01-04 20:52:52'),(10582,557,135,'SF',7,'2020-01-04 20:52:52'),(10583,557,136,'NO',7,'2020-01-04 20:52:52'),(10584,557,137,'HOU',7,'2020-01-04 20:52:52'),(10585,557,138,'NO',7,'2020-01-04 20:52:52'),(10586,557,139,'NO',7,'2020-01-04 20:52:52'),(10587,558,129,'BUF',7,'2020-01-04 20:52:52'),(10588,558,130,'NE',7,'2020-01-04 20:52:52'),(10589,558,131,'PHI',7,'2020-01-04 20:52:52'),(10590,558,132,'MIN',7,'2020-01-04 20:52:52'),(10591,558,133,'BAL',7,'2020-01-04 20:52:52'),(10592,558,134,'NE',7,'2020-01-04 20:52:52'),(10593,558,135,'SF',7,'2020-01-04 20:52:52'),(10594,558,136,'PHI',7,'2020-01-04 20:52:52'),(10595,558,137,'NE',7,'2020-01-04 20:52:52'),(10596,558,138,'SF',7,'2020-01-04 20:52:52'),(10597,558,139,'NE',7,'2020-01-04 20:52:52'),(10598,559,129,'HOU',7,'2020-01-04 20:52:52'),(10599,559,130,'TEN',7,'2020-01-04 20:52:52'),(10600,559,131,'SEA',7,'2020-01-04 20:52:52'),(10601,559,132,'MIN',7,'2020-01-04 20:52:52'),(10602,559,133,'BAL',7,'2020-01-04 20:52:52'),(10603,559,134,'HOU',7,'2020-01-04 20:52:52'),(10604,559,135,'MIN',7,'2020-01-04 20:52:52'),(10605,559,136,'GB',7,'2020-01-04 20:52:52'),(10606,559,137,'BAL',7,'2020-01-04 20:52:52'),(10607,559,138,'GB',7,'2020-01-04 20:52:52'),(10608,559,139,'GB',7,'2020-01-04 20:52:52'),(10609,560,129,'HOU',7,'2020-01-04 20:52:52'),(10610,560,130,'TEN',7,'2020-01-04 20:52:52'),(10611,560,131,'PHI',7,'2020-01-04 20:52:52'),(10612,560,132,'NO',7,'2020-01-04 20:52:52'),(10613,560,133,'TEN',7,'2020-01-04 20:52:52'),(10614,560,134,'KC',7,'2020-01-04 20:52:52'),(10615,560,135,'PHI',7,'2020-01-04 20:52:52'),(10616,560,136,'NO',7,'2020-01-04 20:52:52'),(10617,560,137,'KC',7,'2020-01-04 20:52:52'),(10618,560,138,'NO',7,'2020-01-04 20:52:52'),(10619,560,139,'KC',7,'2020-01-04 20:52:52'),(10620,561,129,'BUF',7,'2020-01-04 20:52:52'),(10621,561,130,'TEN',7,'2020-01-04 20:52:52'),(10622,561,131,'PHI',7,'2020-01-04 20:52:52'),(10623,561,132,'NO',7,'2020-01-04 20:52:52'),(10624,561,133,'BAL',7,'2020-01-04 20:52:52'),(10625,561,134,'KC',7,'2020-01-04 20:52:52'),(10626,561,135,'PHI',7,'2020-01-04 20:52:52'),(10627,561,136,'GB',7,'2020-01-04 20:52:52'),(10628,561,137,'KC',7,'2020-01-04 20:52:52'),(10629,561,138,'GB',7,'2020-01-04 20:52:52'),(10630,561,139,'KC',7,'2020-01-04 20:52:52'),(10631,562,129,'BUF',7,'2020-01-04 20:52:52'),(10632,562,130,'TEN',7,'2020-01-04 20:52:52'),(10633,562,131,'SEA',7,'2020-01-04 20:52:52'),(10634,562,132,'NO',7,'2020-01-04 20:52:52'),(10635,562,133,'BAL',7,'2020-01-04 20:52:52'),(10636,562,134,'KC',7,'2020-01-04 20:52:52'),(10637,562,135,'SF',7,'2020-01-04 20:52:52'),(10638,562,136,'NO',7,'2020-01-04 20:52:52'),(10639,562,137,'KC',7,'2020-01-04 20:52:52'),(10640,562,138,'NO',7,'2020-01-04 20:52:52'),(10641,562,139,'KC',7,'2020-01-04 20:52:52'),(10642,563,129,'HOU',7,'2020-01-04 20:52:52'),(10643,563,130,'NE',7,'2020-01-04 20:52:52'),(10644,563,131,'SEA',7,'2020-01-04 20:52:52'),(10645,563,132,'NO',7,'2020-01-04 20:52:52'),(10646,563,133,'BAL',7,'2020-01-04 20:52:52'),(10647,563,134,'KC',7,'2020-01-04 20:52:52'),(10648,563,135,'SF',7,'2020-01-04 20:52:52'),(10649,563,136,'NO',7,'2020-01-04 20:52:52'),(10650,563,137,'BAL',7,'2020-01-04 20:52:52'),(10651,563,138,'NO',7,'2020-01-04 20:52:52'),(10652,563,139,'NO',7,'2020-01-04 20:52:52'),(10653,564,129,'BUF',7,'2020-01-04 20:52:52'),(10654,564,130,'TEN',7,'2020-01-04 20:52:52'),(10655,564,131,'SEA',7,'2020-01-04 20:52:52'),(10656,564,132,'NO',7,'2020-01-04 20:52:52'),(10657,564,133,'BAL',7,'2020-01-04 20:52:52'),(10658,564,134,'KC',7,'2020-01-04 20:52:52'),(10659,564,135,'SF',7,'2020-01-04 20:52:52'),(10660,564,136,'NO',7,'2020-01-04 20:52:52'),(10661,564,137,'BAL',7,'2020-01-04 20:52:52'),(10662,564,138,'NO',7,'2020-01-04 20:52:52'),(10663,564,139,'NO',7,'2020-01-04 20:52:52'),(10664,565,129,'HOU',7,'2020-01-04 20:52:52'),(10665,565,130,'NE',7,'2020-01-04 20:52:52'),(10666,565,131,'PHI',7,'2020-01-04 20:52:52'),(10667,565,132,'NO',7,'2020-01-04 20:52:52'),(10668,565,133,'BAL',7,'2020-01-04 20:52:52'),(10669,565,134,'NE',7,'2020-01-04 20:52:52'),(10670,565,135,'SF',7,'2020-01-04 20:52:52'),(10671,565,136,'NO',7,'2020-01-04 20:52:52'),(10672,565,137,'BAL',7,'2020-01-04 20:52:52'),(10673,565,138,'SF',7,'2020-01-04 20:52:52'),(10674,565,139,'BAL',7,'2020-01-04 20:52:52'),(10675,566,129,'HOU',7,'2020-01-04 20:52:52'),(10676,566,130,'TEN',7,'2020-01-04 20:52:52'),(10677,566,131,'SEA',7,'2020-01-04 20:52:52'),(10678,566,132,'MIN',7,'2020-01-04 20:52:52'),(10679,566,133,'TEN',7,'2020-01-04 20:52:52'),(10680,566,134,'KC',7,'2020-01-04 20:52:52'),(10681,566,135,'SF',7,'2020-01-04 20:52:52'),(10682,566,136,'GB',7,'2020-01-04 20:52:52'),(10683,566,137,'KC',7,'2020-01-04 20:52:52'),(10684,566,138,'GB',7,'2020-01-04 20:52:52'),(10685,566,139,'GB',7,'2020-01-04 20:52:52'),(10686,567,129,'BUF',7,'2020-01-04 20:52:52'),(10687,567,130,'NE',7,'2020-01-04 20:52:52'),(10688,567,131,'SEA',7,'2020-01-04 20:52:52'),(10689,567,132,'NO',7,'2020-01-04 20:52:52'),(10690,567,133,'BAL',7,'2020-01-04 20:52:52'),(10691,567,134,'NE',7,'2020-01-04 20:52:52'),(10692,567,135,'SEA',7,'2020-01-04 20:52:52'),(10693,567,136,'NO',7,'2020-01-04 20:52:52'),(10694,567,137,'NE',7,'2020-01-04 20:52:52'),(10695,567,138,'NO',7,'2020-01-04 20:52:52'),(10696,567,139,'NO',7,'2020-01-04 20:52:52'),(10697,568,129,'BUF',7,'2020-01-04 20:52:52'),(10698,568,130,'TEN',7,'2020-01-04 20:52:52'),(10699,568,131,'SEA',7,'2020-01-04 20:52:52'),(10700,568,132,'NO',7,'2020-01-04 20:52:52'),(10701,568,133,'BAL',7,'2020-01-04 20:52:52'),(10702,568,134,'KC',7,'2020-01-04 20:52:52'),(10703,568,135,'SEA',7,'2020-01-04 20:52:52'),(10704,568,136,'NO',7,'2020-01-04 20:52:52'),(10705,568,137,'BAL',7,'2020-01-04 20:52:52'),(10706,568,138,'NO',7,'2020-01-04 20:52:52'),(10707,568,139,'BAL',7,'2020-01-04 20:52:52'),(10708,569,129,'BUF',7,'2020-01-04 20:52:52'),(10709,569,130,'TEN',7,'2020-01-04 20:52:52'),(10710,569,131,'SEA',7,'2020-01-04 20:52:52'),(10711,569,132,'NO',7,'2020-01-04 20:52:52'),(10712,569,133,'BAL',7,'2020-01-04 20:52:52'),(10713,569,134,'KC',7,'2020-01-04 20:52:52'),(10714,569,135,'SF',7,'2020-01-04 20:52:52'),(10715,569,136,'GB',7,'2020-01-04 20:52:52'),(10716,569,137,'KC',7,'2020-01-04 20:52:52'),(10717,569,138,'GB',7,'2020-01-04 20:52:52'),(10718,569,139,'GB',7,'2020-01-04 20:52:52'),(10719,570,129,'HOU',7,'2020-01-04 20:52:52'),(10720,570,130,'NE',7,'2020-01-04 20:52:52'),(10721,570,131,'SEA',7,'2020-01-04 20:52:52'),(10722,570,132,'NO',7,'2020-01-04 20:52:52'),(10723,570,133,'BAL',7,'2020-01-04 20:52:52'),(10724,570,134,'KC',7,'2020-01-04 20:52:52'),(10725,570,135,'SF',7,'2020-01-04 20:52:52'),(10726,570,136,'NO',7,'2020-01-04 20:52:52'),(10727,570,137,'BAL',7,'2020-01-04 20:52:52'),(10728,570,138,'NO',7,'2020-01-04 20:52:52'),(10729,570,139,'BAL',7,'2020-01-04 20:52:52'),(10730,571,129,'HOU',7,'2020-01-04 20:52:52'),(10731,571,130,'TEN',7,'2020-01-04 20:52:52'),(10732,571,131,'SEA',7,'2020-01-04 20:52:52'),(10733,571,132,'MIN',7,'2020-01-04 20:52:52'),(10734,571,133,'BAL',7,'2020-01-04 20:52:52'),(10735,571,134,'KC',7,'2020-01-04 20:52:52'),(10736,571,135,'SF',7,'2020-01-04 20:52:52'),(10737,571,136,'GB',7,'2020-01-04 20:52:52'),(10738,571,137,'KC',7,'2020-01-04 20:52:52'),(10739,571,138,'SF',7,'2020-01-04 20:52:52'),(10740,571,139,'KC',7,'2020-01-04 20:52:52'),(10741,572,129,'HOU',7,'2020-01-04 20:52:52'),(10742,572,130,'NE',7,'2020-01-04 20:52:52'),(10743,572,131,'SEA',7,'2020-01-04 20:52:52'),(10744,572,132,'NO',7,'2020-01-04 20:52:52'),(10745,572,133,'BAL',7,'2020-01-04 20:52:52'),(10746,572,134,'KC',7,'2020-01-04 20:52:52'),(10747,572,135,'SF',7,'2020-01-04 20:52:52'),(10748,572,136,'GB',7,'2020-01-04 20:52:52'),(10749,572,137,'KC',7,'2020-01-04 20:52:52'),(10750,572,138,'GB',7,'2020-01-04 20:52:52'),(10751,572,139,'GB',7,'2020-01-04 20:52:52'),(10752,573,129,'HOU',7,'2020-01-04 20:52:52'),(10753,573,130,'NE',7,'2020-01-04 20:52:52'),(10754,573,131,'PHI',7,'2020-01-04 20:52:52'),(10755,573,132,'NO',7,'2020-01-04 20:52:52'),(10756,573,133,'BAL',7,'2020-01-04 20:52:52'),(10757,573,134,'KC',7,'2020-01-04 20:52:52'),(10758,573,135,'SF',7,'2020-01-04 20:52:52'),(10759,573,136,'NO',7,'2020-01-04 20:52:52'),(10760,573,137,'KC',7,'2020-01-04 20:52:52'),(10761,573,138,'NO',7,'2020-01-04 20:52:52'),(10762,573,139,'KC',7,'2020-01-04 20:52:52'),(10763,574,129,'BUF',7,'2020-01-04 20:52:52'),(10764,574,130,'TEN',7,'2020-01-04 20:52:52'),(10765,574,131,'SEA',7,'2020-01-04 20:52:52'),(10766,574,132,'NO',7,'2020-01-04 20:52:52'),(10767,574,133,'BAL',7,'2020-01-04 20:52:52'),(10768,574,134,'KC',7,'2020-01-04 20:52:52'),(10769,574,135,'SF',7,'2020-01-04 20:52:52'),(10770,574,136,'NO',7,'2020-01-04 20:52:52'),(10771,574,137,'BAL',7,'2020-01-04 20:52:52'),(10772,574,138,'NO',7,'2020-01-04 20:52:52'),(10773,574,139,'BAL',7,'2020-01-04 20:52:52'),(10774,575,129,'HOU',7,'2020-01-04 20:52:52'),(10775,575,130,'NE',7,'2020-01-04 20:52:52'),(10776,575,131,'PHI',7,'2020-01-04 20:52:52'),(10777,575,132,'MIN',7,'2020-01-04 20:52:52'),(10778,575,133,'BAL',7,'2020-01-04 20:52:52'),(10779,575,134,'NE',7,'2020-01-04 20:52:52'),(10780,575,135,'SF',7,'2020-01-04 20:52:52'),(10781,575,136,'GB',7,'2020-01-04 20:52:52'),(10782,575,137,'BAL',7,'2020-01-04 20:52:52'),(10783,575,138,'GB',7,'2020-01-04 20:52:52'),(10784,575,139,'BAL',7,'2020-01-04 20:52:52'),(10785,576,129,'HOU',7,'2020-01-04 20:52:52'),(10786,576,130,'NE',7,'2020-01-04 20:52:52'),(10787,576,131,'SEA',7,'2020-01-04 20:52:52'),(10788,576,132,'NO',7,'2020-01-04 20:52:52'),(10789,576,133,'BAL',7,'2020-01-04 20:52:52'),(10790,576,134,'KC',7,'2020-01-04 20:52:52'),(10791,576,135,'SF',7,'2020-01-04 20:52:52'),(10792,576,136,'NO',7,'2020-01-04 20:52:52'),(10793,576,137,'BAL',7,'2020-01-04 20:52:52'),(10794,576,138,'NO',7,'2020-01-04 20:52:52'),(10795,576,139,'BAL',7,'2020-01-04 20:52:52'),(10822,578,212,'BUF',9,'2021-01-06 01:28:52'),(10823,578,213,'CLE',9,'2021-01-06 01:28:52'),(10824,578,214,'BAL',9,'2021-01-06 01:28:52'),(10825,578,215,'NO',9,'2021-01-06 01:28:52'),(10826,578,216,'SEA',9,'2021-01-06 01:28:52'),(10827,578,217,'TB',9,'2021-01-06 01:28:53'),(10828,578,218,'KC',9,'2021-01-06 01:28:53'),(10829,578,219,'BUF',9,'2021-01-06 01:28:53'),(10830,578,220,'GB',9,'2021-01-06 01:28:53'),(10831,578,221,'SEA',9,'2021-01-06 01:28:53'),(10832,578,222,'KC',9,'2021-01-06 01:28:53'),(10833,578,223,'GB',9,'2021-01-06 01:28:53'),(10834,578,224,'KC',9,'2021-01-06 01:28:53'),(10835,583,212,'BUF',9,'2021-01-06 01:43:21'),(10836,583,213,'PIT',9,'2021-01-06 01:43:21'),(10837,583,214,'TEN',9,'2021-01-06 01:43:21'),(10838,583,215,'NO',9,'2021-01-06 01:43:21'),(10839,583,216,'SEA',9,'2021-01-06 01:43:22'),(10840,583,217,'TB',9,'2021-01-06 01:43:22'),(10841,583,218,'KC',9,'2021-01-06 01:43:22'),(10842,583,219,'PIT',9,'2021-01-06 01:43:22'),(10843,583,220,'GB',9,'2021-01-06 01:43:22'),(10844,583,221,'NO',9,'2021-01-06 01:43:22'),(10845,583,222,'KC',9,'2021-01-06 01:43:22'),(10846,583,223,'GB',9,'2021-01-06 01:43:22'),(10847,583,224,'KC',9,'2021-01-06 01:43:22'),(10848,577,212,'BUF',9,'2021-01-06 01:50:25'),(10849,577,213,'PIT',9,'2021-01-06 01:50:25'),(10850,577,214,'BAL',9,'2021-01-06 01:50:25'),(10851,577,215,'NO',9,'2021-01-06 01:50:25'),(10852,577,216,'SEA',9,'2021-01-06 01:50:25'),(10853,577,217,'TB',9,'2021-01-06 01:50:25'),(10854,577,218,'KC',9,'2021-01-06 01:50:26'),(10855,577,219,'BUF',9,'2021-01-06 01:50:26'),(10856,577,220,'TB',9,'2021-01-06 01:50:26'),(10857,577,221,'NO',9,'2021-01-06 01:50:26'),(10858,577,222,'KC',9,'2021-01-06 01:50:26'),(10859,577,223,'TB',9,'2021-01-06 01:50:26'),(10860,577,224,'KC',9,'2021-01-06 01:50:26'),(10861,581,212,'BUF',9,'2021-01-06 11:49:13'),(10862,581,213,'PIT',9,'2021-01-06 11:49:13'),(10863,581,214,'TEN',9,'2021-01-06 11:49:14'),(10864,581,215,'NO',9,'2021-01-06 11:49:14'),(10865,581,216,'SEA',9,'2021-01-06 11:49:14'),(10866,581,217,'TB',9,'2021-01-06 11:49:14'),(10867,581,218,'KC',9,'2021-01-06 11:49:14'),(10868,581,219,'BUF',9,'2021-01-06 11:49:14'),(10869,581,220,'GB',9,'2021-01-06 11:49:14'),(10870,581,221,'SEA',9,'2021-01-06 11:49:14'),(10871,581,222,'KC',9,'2021-01-06 11:49:14'),(10872,581,223,'GB',9,'2021-01-06 11:49:14'),(10873,581,224,'KC',9,'2021-01-06 11:49:14'),(10874,580,212,'BUF',9,'2021-01-06 12:57:51'),(10875,580,213,'PIT',9,'2021-01-06 12:57:51'),(10876,580,214,'BAL',9,'2021-01-06 12:57:51'),(10877,580,215,'NO',9,'2021-01-06 12:57:51'),(10878,580,216,'SEA',9,'2021-01-06 12:57:51'),(10879,580,217,'TB',9,'2021-01-06 12:57:51'),(10880,580,218,'KC',9,'2021-01-06 12:57:51'),(10881,580,219,'BUF',9,'2021-01-06 12:57:51'),(10882,580,220,'GB',9,'2021-01-06 12:57:51'),(10883,580,221,'NO',9,'2021-01-06 12:57:51'),(10884,580,222,'BUF',9,'2021-01-06 12:57:52'),(10885,580,223,'GB',9,'2021-01-06 12:57:52'),(10886,580,224,'BUF',9,'2021-01-06 12:57:52'),(10887,584,212,'BUF',9,'2021-01-07 14:00:54'),(10888,584,213,'CLE',9,'2021-01-07 14:00:54'),(10889,584,214,'TEN',9,'2021-01-07 14:00:54'),(10890,584,215,'NO',9,'2021-01-07 14:00:54'),(10891,584,216,'LAR',9,'2021-01-07 14:00:54'),(10892,584,217,'TB',9,'2021-01-07 14:00:54'),(10893,584,218,'KC',9,'2021-01-07 14:00:54'),(10894,584,219,'BUF',9,'2021-01-07 14:00:55'),(10895,584,220,'LAR',9,'2021-01-07 14:00:55'),(10896,584,221,'NO',9,'2021-01-07 14:00:55'),(10897,584,222,'KC',9,'2021-01-07 14:00:55'),(10898,584,223,'NO',9,'2021-01-07 14:00:55'),(10899,584,224,'KC',9,'2021-01-07 14:00:55'),(10900,585,212,'BUF',9,'2021-01-07 14:09:22'),(10901,585,213,'PIT',9,'2021-01-07 14:09:22'),(10902,585,214,'BAL',9,'2021-01-07 14:09:22'),(10903,585,215,'NO',9,'2021-01-07 14:09:22'),(10904,585,216,'SEA',9,'2021-01-07 14:09:22'),(10905,585,217,'TB',9,'2021-01-07 14:09:22'),(10906,585,218,'KC',9,'2021-01-07 14:09:22'),(10907,585,219,'BUF',9,'2021-01-07 14:09:22'),(10908,585,220,'TB',9,'2021-01-07 14:09:22'),(10909,585,221,'NO',9,'2021-01-07 14:09:22'),(10910,585,222,'BUF',9,'2021-01-07 14:09:22'),(10911,585,223,'TB',9,'2021-01-07 14:09:22'),(10912,585,224,'BUF',9,'2021-01-07 14:09:23'),(10925,582,212,'BUF',9,'2021-01-07 14:11:26'),(10926,582,213,'PIT',9,'2021-01-07 14:11:27'),(10927,582,214,'BAL',9,'2021-01-07 14:11:27'),(10928,582,215,'NO',9,'2021-01-07 14:11:27'),(10929,582,216,'LAR',9,'2021-01-07 14:11:27'),(10930,582,217,'TB',9,'2021-01-07 14:11:27'),(10931,582,218,'KC',9,'2021-01-07 14:11:27'),(10932,582,219,'BUF',9,'2021-01-07 14:11:27'),(10933,582,220,'GB',9,'2021-01-07 14:11:27'),(10934,582,221,'NO',9,'2021-01-07 14:11:27'),(10935,582,222,'KC',9,'2021-01-07 14:11:27'),(10936,582,223,'NO',9,'2021-01-07 14:11:27'),(10937,582,224,'KC',9,'2021-01-07 14:11:27'),(10938,586,212,'BUF',9,'2021-01-08 17:53:27'),(10939,586,213,'PIT',9,'2021-01-08 17:53:27'),(10940,586,214,'BAL',9,'2021-01-08 17:53:27'),(10941,586,215,'NO',9,'2021-01-08 17:53:27'),(10942,586,216,'SEA',9,'2021-01-08 17:53:27'),(10943,586,217,'TB',9,'2021-01-08 17:53:27'),(10944,586,218,'KC',9,'2021-01-08 17:53:28'),(10945,586,219,'BUF',9,'2021-01-08 17:53:28'),(10946,586,220,'TB',9,'2021-01-08 17:53:28'),(10947,586,221,'NO',9,'2021-01-08 17:53:28'),(10948,586,222,'KC',9,'2021-01-08 17:53:28'),(10949,586,223,'TB',9,'2021-01-08 17:53:28'),(10950,586,224,'KC',9,'2021-01-08 17:53:28'),(11471,587,212,'BUF',9,'2021-01-09 16:49:53'),(11472,587,213,'PIT',9,'2021-01-09 16:49:54'),(11473,587,214,'TEN',9,'2021-01-09 16:49:54'),(11474,587,215,'NO',9,'2021-01-09 16:49:54'),(11475,587,216,'SEA',9,'2021-01-09 16:49:54'),(11476,587,217,'TB',9,'2021-01-09 16:49:54'),(11477,587,218,'KC',9,'2021-01-09 16:49:54'),(11478,587,219,'BUF',9,'2021-01-09 16:49:54'),(11479,587,220,'GB',9,'2021-01-09 16:49:54'),(11480,587,221,'SEA',9,'2021-01-09 16:49:54'),(11481,587,222,'KC',9,'2021-01-09 16:49:54'),(11482,587,223,'GB',9,'2021-01-09 16:49:55'),(11483,587,224,'KC',9,'2021-01-09 16:49:55'),(11484,588,212,'BUF',10,'2021-01-09 17:20:38'),(11485,588,213,'PIT',10,'2021-01-09 17:20:38'),(11486,588,214,'TEN',10,'2021-01-09 17:20:38'),(11487,588,215,'NO',10,'2021-01-09 17:20:38'),(11488,588,216,'SEA',10,'2021-01-09 17:20:38'),(11489,588,217,'TB',10,'2021-01-09 17:20:38'),(11490,588,218,'KC',10,'2021-01-09 17:20:38'),(11491,588,219,'BUF',10,'2021-01-09 17:20:38'),(11492,588,220,'GB',10,'2021-01-09 17:20:38'),(11493,588,221,'NO',10,'2021-01-09 17:20:38'),(11494,588,222,'KC',10,'2021-01-09 17:20:38'),(11495,588,223,'NO',10,'2021-01-09 17:20:38'),(11496,588,224,'KC',10,'2021-01-09 17:20:38'),(11497,589,212,'BUF',10,'2021-01-09 17:20:38'),(11498,589,213,'PIT',10,'2021-01-09 17:20:38'),(11499,589,214,'BAL',10,'2021-01-09 17:20:38'),(11500,589,215,'NO',10,'2021-01-09 17:20:38'),(11501,589,216,'SEA',10,'2021-01-09 17:20:38'),(11502,589,217,'TB',10,'2021-01-09 17:20:38'),(11503,589,218,'BAL',10,'2021-01-09 17:20:38'),(11504,589,219,'PIT',10,'2021-01-09 17:20:38'),(11505,589,220,'GB',10,'2021-01-09 17:20:38'),(11506,589,221,'NO',10,'2021-01-09 17:20:38'),(11507,589,222,'BAL',10,'2021-01-09 17:20:38'),(11508,589,223,'GB',10,'2021-01-09 17:20:38'),(11509,589,224,'GB',10,'2021-01-09 17:20:38'),(11510,590,212,'IND',10,'2021-01-09 17:20:38'),(11511,590,213,'PIT',10,'2021-01-09 17:20:38'),(11512,590,214,'BAL',10,'2021-01-09 17:20:38'),(11513,590,215,'NO',10,'2021-01-09 17:20:38'),(11514,590,216,'SEA',10,'2021-01-09 17:20:38'),(11515,590,217,'TB',10,'2021-01-09 17:20:38'),(11516,590,218,'KC',10,'2021-01-09 17:20:38'),(11517,590,219,'PIT',10,'2021-01-09 17:20:38'),(11518,590,220,'GB',10,'2021-01-09 17:20:38'),(11519,590,221,'SEA',10,'2021-01-09 17:20:38'),(11520,590,222,'KC',10,'2021-01-09 17:20:38'),(11521,590,223,'GB',10,'2021-01-09 17:20:38'),(11522,590,224,'KC',10,'2021-01-09 17:20:38'),(11523,591,212,'BUF',10,'2021-01-09 17:20:38'),(11524,591,213,'PIT',10,'2021-01-09 17:20:38'),(11525,591,214,'TEN',10,'2021-01-09 17:20:38'),(11526,591,215,'NO',10,'2021-01-09 17:20:38'),(11527,591,216,'SEA',10,'2021-01-09 17:20:38'),(11528,591,217,'TB',10,'2021-01-09 17:20:38'),(11529,591,218,'TEN',10,'2021-01-09 17:20:38'),(11530,591,219,'BUF',10,'2021-01-09 17:20:38'),(11531,591,220,'GB',10,'2021-01-09 17:20:38'),(11532,591,221,'NO',10,'2021-01-09 17:20:38'),(11533,591,222,'BUF',10,'2021-01-09 17:20:38'),(11534,591,223,'GB',10,'2021-01-09 17:20:38'),(11535,591,224,'GB',10,'2021-01-09 17:20:38'),(11536,592,212,'BUF',10,'2021-01-09 17:20:38'),(11537,592,213,'PIT',10,'2021-01-09 17:20:38'),(11538,592,214,'BAL',10,'2021-01-09 17:20:38'),(11539,592,215,'NO',10,'2021-01-09 17:20:38'),(11540,592,216,'LAR',10,'2021-01-09 17:20:38'),(11541,592,217,'WAS',10,'2021-01-09 17:20:38'),(11542,592,218,'KC',10,'2021-01-09 17:20:38'),(11543,592,219,'BUF',10,'2021-01-09 17:20:38'),(11544,592,220,'GB',10,'2021-01-09 17:20:38'),(11545,592,221,'NO',10,'2021-01-09 17:20:38'),(11546,592,222,'KC',10,'2021-01-09 17:20:38'),(11547,592,223,'GB',10,'2021-01-09 17:20:38'),(11548,592,224,'GB',10,'2021-01-09 17:20:38'),(11549,593,212,'BUF',10,'2021-01-09 17:20:38'),(11550,593,213,'PIT',10,'2021-01-09 17:20:38'),(11551,593,214,'BAL',10,'2021-01-09 17:20:38'),(11552,593,215,'NO',10,'2021-01-09 17:20:38'),(11553,593,216,'LAR',10,'2021-01-09 17:20:38'),(11554,593,217,'TB',10,'2021-01-09 17:20:38'),(11555,593,218,'KC',10,'2021-01-09 17:20:38'),(11556,593,219,'BUF',10,'2021-01-09 17:20:38'),(11557,593,220,'GB',10,'2021-01-09 17:20:38'),(11558,593,221,'NO',10,'2021-01-09 17:20:38'),(11559,593,222,'BUF',10,'2021-01-09 17:20:38'),(11560,593,223,'GB',10,'2021-01-09 17:20:38'),(11561,593,224,'GB',10,'2021-01-09 17:20:38'),(11562,594,212,'BUF',10,'2021-01-09 17:20:38'),(11563,594,213,'CLE',10,'2021-01-09 17:20:38'),(11564,594,214,'TEN',10,'2021-01-09 17:20:38'),(11565,594,215,'NO',10,'2021-01-09 17:20:38'),(11566,594,216,'LAR',10,'2021-01-09 17:20:38'),(11567,594,217,'TB',10,'2021-01-09 17:20:38'),(11568,594,218,'KC',10,'2021-01-09 17:20:38'),(11569,594,219,'TEN',10,'2021-01-09 17:20:38'),(11570,594,220,'GB',10,'2021-01-09 17:20:38'),(11571,594,221,'TB',10,'2021-01-09 17:20:38'),(11572,594,222,'KC',10,'2021-01-09 17:20:38'),(11573,594,223,'TB',10,'2021-01-09 17:20:38'),(11574,594,224,'KC',10,'2021-01-09 17:20:38'),(11575,595,212,'BUF',10,'2021-01-09 17:20:38'),(11576,595,213,'PIT',10,'2021-01-09 17:20:38'),(11577,595,214,'BAL',10,'2021-01-09 17:20:38'),(11578,595,215,'NO',10,'2021-01-09 17:20:38'),(11579,595,216,'SEA',10,'2021-01-09 17:20:38'),(11580,595,217,'TB',10,'2021-01-09 17:20:38'),(11581,595,218,'KC',10,'2021-01-09 17:20:38'),(11582,595,219,'BUF',10,'2021-01-09 17:20:38'),(11583,595,220,'GB',10,'2021-01-09 17:20:38'),(11584,595,221,'NO',10,'2021-01-09 17:20:38'),(11585,595,222,'BUF',10,'2021-01-09 17:20:38'),(11586,595,223,'GB',10,'2021-01-09 17:20:38'),(11587,595,224,'GB',10,'2021-01-09 17:20:38'),(11588,596,212,'BUF',10,'2021-01-09 17:20:38'),(11589,596,213,'PIT',10,'2021-01-09 17:20:38'),(11590,596,214,'TEN',10,'2021-01-09 17:20:38'),(11591,596,215,'NO',10,'2021-01-09 17:20:38'),(11592,596,216,'SEA',10,'2021-01-09 17:20:38'),(11593,596,217,'TB',10,'2021-01-09 17:20:38'),(11594,596,218,'KC',10,'2021-01-09 17:20:38'),(11595,596,219,'BUF',10,'2021-01-09 17:20:38'),(11596,596,220,'GB',10,'2021-01-09 17:20:38'),(11597,596,221,'NO',10,'2021-01-09 17:20:38'),(11598,596,222,'KC',10,'2021-01-09 17:20:38'),(11599,596,223,'GB',10,'2021-01-09 17:20:38'),(11600,596,224,'KC',10,'2021-01-09 17:20:38'),(11601,597,212,'BUF',10,'2021-01-09 17:20:38'),(11602,597,213,'PIT',10,'2021-01-09 17:20:38'),(11603,597,214,'TEN',10,'2021-01-09 17:20:38'),(11604,597,215,'NO',10,'2021-01-09 17:20:38'),(11605,597,216,'SEA',10,'2021-01-09 17:20:38'),(11606,597,217,'WAS',10,'2021-01-09 17:20:38'),(11607,597,218,'KC',10,'2021-01-09 17:20:38'),(11608,597,219,'BUF',10,'2021-01-09 17:20:38'),(11609,597,220,'GB',10,'2021-01-09 17:20:38'),(11610,597,221,'NO',10,'2021-01-09 17:20:38'),(11611,597,222,'KC',10,'2021-01-09 17:20:38'),(11612,597,223,'GB',10,'2021-01-09 17:20:38'),(11613,597,224,'GB',10,'2021-01-09 17:20:38'),(11614,598,212,'BUF',10,'2021-01-09 17:20:38'),(11615,598,213,'PIT',10,'2021-01-09 17:20:38'),(11616,598,214,'BAL',10,'2021-01-09 17:20:38'),(11617,598,215,'NO',10,'2021-01-09 17:20:38'),(11618,598,216,'SEA',10,'2021-01-09 17:20:38'),(11619,598,217,'TB',10,'2021-01-09 17:20:38'),(11620,598,218,'KC',10,'2021-01-09 17:20:38'),(11621,598,219,'PIT',10,'2021-01-09 17:20:38'),(11622,598,220,'TB',10,'2021-01-09 17:20:38'),(11623,598,221,'SEA',10,'2021-01-09 17:20:38'),(11624,598,222,'KC',10,'2021-01-09 17:20:38'),(11625,598,223,'SEA',10,'2021-01-09 17:20:38'),(11626,598,224,'KC',10,'2021-01-09 17:20:38'),(11627,599,212,'BUF',10,'2021-01-09 17:20:38'),(11628,599,213,'PIT',10,'2021-01-09 17:20:38'),(11629,599,214,'TEN',10,'2021-01-09 17:20:38'),(11630,599,215,'NO',10,'2021-01-09 17:20:38'),(11631,599,216,'SEA',10,'2021-01-09 17:20:38'),(11632,599,217,'TB',10,'2021-01-09 17:20:38'),(11633,599,218,'KC',10,'2021-01-09 17:20:38'),(11634,599,219,'BUF',10,'2021-01-09 17:20:38'),(11635,599,220,'GB',10,'2021-01-09 17:20:38'),(11636,599,221,'SEA',10,'2021-01-09 17:20:38'),(11637,599,222,'KC',10,'2021-01-09 17:20:38'),(11638,599,223,'GB',10,'2021-01-09 17:20:38'),(11639,599,224,'KC',10,'2021-01-09 17:20:38'),(11640,600,212,'BUF',10,'2021-01-09 17:20:38'),(11641,600,213,'PIT',10,'2021-01-09 17:20:38'),(11642,600,214,'BAL',10,'2021-01-09 17:20:38'),(11643,600,215,'NO',10,'2021-01-09 17:20:38'),(11644,600,216,'SEA',10,'2021-01-09 17:20:38'),(11645,600,217,'TB',10,'2021-01-09 17:20:38'),(11646,600,218,'KC',10,'2021-01-09 17:20:38'),(11647,600,219,'BUF',10,'2021-01-09 17:20:38'),(11648,600,220,'GB',10,'2021-01-09 17:20:38'),(11649,600,221,'NO',10,'2021-01-09 17:20:38'),(11650,600,222,'BUF',10,'2021-01-09 17:20:38'),(11651,600,223,'GB',10,'2021-01-09 17:20:38'),(11652,600,224,'BUF',10,'2021-01-09 17:20:38'),(11653,601,212,'BUF',10,'2021-01-09 17:20:38'),(11654,601,213,'CLE',10,'2021-01-09 17:20:38'),(11655,601,214,'TEN',10,'2021-01-09 17:20:38'),(11656,601,215,'NO',10,'2021-01-09 17:20:38'),(11657,601,216,'SEA',10,'2021-01-09 17:20:38'),(11658,601,217,'TB',10,'2021-01-09 17:20:38'),(11659,601,218,'KC',10,'2021-01-09 17:20:38'),(11660,601,219,'BUF',10,'2021-01-09 17:20:38'),(11661,601,220,'TB',10,'2021-01-09 17:20:38'),(11662,601,221,'NO',10,'2021-01-09 17:20:38'),(11663,601,222,'KC',10,'2021-01-09 17:20:38'),(11664,601,223,'TB',10,'2021-01-09 17:20:38'),(11665,601,224,'KC',10,'2021-01-09 17:20:38'),(11666,602,212,'BUF',10,'2021-01-09 17:20:38'),(11667,602,213,'PIT',10,'2021-01-09 17:20:38'),(11668,602,214,'BAL',10,'2021-01-09 17:20:38'),(11669,602,215,'NO',10,'2021-01-09 17:20:38'),(11670,602,216,'SEA',10,'2021-01-09 17:20:38'),(11671,602,217,'TB',10,'2021-01-09 17:20:38'),(11672,602,218,'KC',10,'2021-01-09 17:20:38'),(11673,602,219,'BUF',10,'2021-01-09 17:20:38'),(11674,602,220,'GB',10,'2021-01-09 17:20:38'),(11675,602,221,'SEA',10,'2021-01-09 17:20:38'),(11676,602,222,'KC',10,'2021-01-09 17:20:38'),(11677,602,223,'GB',10,'2021-01-09 17:20:38'),(11678,602,224,'KC',10,'2021-01-09 17:20:38'),(11679,603,212,'BUF',10,'2021-01-09 17:20:38'),(11680,603,213,'PIT',10,'2021-01-09 17:20:38'),(11681,603,214,'BAL',10,'2021-01-09 17:20:38'),(11682,603,215,'NO',10,'2021-01-09 17:20:38'),(11683,603,216,'SEA',10,'2021-01-09 17:20:38'),(11684,603,217,'TB',10,'2021-01-09 17:20:38'),(11685,603,218,'KC',10,'2021-01-09 17:20:38'),(11686,603,219,'BUF',10,'2021-01-09 17:20:38'),(11687,603,220,'GB',10,'2021-01-09 17:20:38'),(11688,603,221,'NO',10,'2021-01-09 17:20:38'),(11689,603,222,'BUF',10,'2021-01-09 17:20:38'),(11690,603,223,'GB',10,'2021-01-09 17:20:38'),(11691,603,224,'BUF',10,'2021-01-09 17:20:38'),(11692,604,212,'BUF',10,'2021-01-09 17:20:38'),(11693,604,213,'PIT',10,'2021-01-09 17:20:38'),(11694,604,214,'BAL',10,'2021-01-09 17:20:38'),(11695,604,215,'NO',10,'2021-01-09 17:20:38'),(11696,604,216,'SEA',10,'2021-01-09 17:20:38'),(11697,604,217,'TB',10,'2021-01-09 17:20:38'),(11698,604,218,'KC',10,'2021-01-09 17:20:38'),(11699,604,219,'BUF',10,'2021-01-09 17:20:38'),(11700,604,220,'TB',10,'2021-01-09 17:20:38'),(11701,604,221,'NO',10,'2021-01-09 17:20:38'),(11702,604,222,'KC',10,'2021-01-09 17:20:38'),(11703,604,223,'TB',10,'2021-01-09 17:20:38'),(11704,604,224,'KC',10,'2021-01-09 17:20:38'),(11705,605,212,'IND',10,'2021-01-09 17:20:38'),(11706,605,213,'PIT',10,'2021-01-09 17:20:38'),(11707,605,214,'TEN',10,'2021-01-09 17:20:38'),(11708,605,215,'NO',10,'2021-01-09 17:20:38'),(11709,605,216,'SEA',10,'2021-01-09 17:20:38'),(11710,605,217,'TB',10,'2021-01-09 17:20:38'),(11711,605,218,'KC',10,'2021-01-09 17:20:38'),(11712,605,219,'TEN',10,'2021-01-09 17:20:38'),(11713,605,220,'GB',10,'2021-01-09 17:20:38'),(11714,605,221,'NO',10,'2021-01-09 17:20:38'),(11715,605,222,'KC',10,'2021-01-09 17:20:38'),(11716,605,223,'GB',10,'2021-01-09 17:20:38'),(11717,605,224,'KC',10,'2021-01-09 17:20:38'),(11718,606,212,'IND',10,'2021-01-09 17:20:38'),(11719,606,213,'CLE',10,'2021-01-09 17:20:38'),(11720,606,214,'TEN',10,'2021-01-09 17:20:38'),(11721,606,215,'NO',10,'2021-01-09 17:20:38'),(11722,606,216,'SEA',10,'2021-01-09 17:20:38'),(11723,606,217,'TB',10,'2021-01-09 17:20:38'),(11724,606,218,'KC',10,'2021-01-09 17:20:38'),(11725,606,219,'TEN',10,'2021-01-09 17:20:38'),(11726,606,220,'TB',10,'2021-01-09 17:20:38'),(11727,606,221,'NO',10,'2021-01-09 17:20:38'),(11728,606,222,'KC',10,'2021-01-09 17:20:38'),(11729,606,223,'NO',10,'2021-01-09 17:20:38'),(11730,606,224,'NO',10,'2021-01-09 17:20:38'),(11731,607,212,'IND',10,'2021-01-09 17:20:38'),(11732,607,213,'PIT',10,'2021-01-09 17:20:38'),(11733,607,214,'BAL',10,'2021-01-09 17:20:38'),(11734,607,215,'NO',10,'2021-01-09 17:20:38'),(11735,607,216,'LAR',10,'2021-01-09 17:20:38'),(11736,607,217,'TB',10,'2021-01-09 17:20:38'),(11737,607,218,'KC',10,'2021-01-09 17:20:38'),(11738,607,219,'BAL',10,'2021-01-09 17:20:38'),(11739,607,220,'GB',10,'2021-01-09 17:20:38'),(11740,607,221,'NO',10,'2021-01-09 17:20:38'),(11741,607,222,'KC',10,'2021-01-09 17:20:38'),(11742,607,223,'NO',10,'2021-01-09 17:20:38'),(11743,607,224,'KC',10,'2021-01-09 17:20:38'),(11744,608,212,'BUF',10,'2021-01-09 17:20:38'),(11745,608,213,'PIT',10,'2021-01-09 17:20:38'),(11746,608,214,'TEN',10,'2021-01-09 17:20:38'),(11747,608,215,'CHI',10,'2021-01-09 17:20:38'),(11748,608,216,'LAR',10,'2021-01-09 17:20:38'),(11749,608,217,'TB',10,'2021-01-09 17:20:38'),(11750,608,218,'KC',10,'2021-01-09 17:20:38'),(11751,608,219,'PIT',10,'2021-01-09 17:20:38'),(11752,608,220,'GB',10,'2021-01-09 17:20:38'),(11753,608,221,'TB',10,'2021-01-09 17:20:38'),(11754,608,222,'KC',10,'2021-01-09 17:20:38'),(11755,608,223,'TB',10,'2021-01-09 17:20:38'),(11756,608,224,'KC',10,'2021-01-09 17:20:38'),(11757,609,212,'BUF',10,'2021-01-09 17:20:38'),(11758,609,213,'CLE',10,'2021-01-09 17:20:38'),(11759,609,214,'BAL',10,'2021-01-09 17:20:38'),(11760,609,215,'NO',10,'2021-01-09 17:20:38'),(11761,609,216,'SEA',10,'2021-01-09 17:20:38'),(11762,609,217,'TB',10,'2021-01-09 17:20:38'),(11763,609,218,'KC',10,'2021-01-09 17:20:38'),(11764,609,219,'BUF',10,'2021-01-09 17:20:38'),(11765,609,220,'TB',10,'2021-01-09 17:20:38'),(11766,609,221,'SEA',10,'2021-01-09 17:20:38'),(11767,609,222,'KC',10,'2021-01-09 17:20:38'),(11768,609,223,'TB',10,'2021-01-09 17:20:38'),(11769,609,224,'TB',10,'2021-01-09 17:20:38'),(11770,610,212,'BUF',10,'2021-01-09 17:20:38'),(11771,610,213,'PIT',10,'2021-01-09 17:20:38'),(11772,610,214,'BAL',10,'2021-01-09 17:20:38'),(11773,610,215,'NO',10,'2021-01-09 17:20:38'),(11774,610,216,'LAR',10,'2021-01-09 17:20:38'),(11775,610,217,'TB',10,'2021-01-09 17:20:38'),(11776,610,218,'KC',10,'2021-01-09 17:20:38'),(11777,610,219,'BUF',10,'2021-01-09 17:20:38'),(11778,610,220,'GB',10,'2021-01-09 17:20:38'),(11779,610,221,'TB',10,'2021-01-09 17:20:38'),(11780,610,222,'KC',10,'2021-01-09 17:20:38'),(11781,610,223,'GB',10,'2021-01-09 17:20:38'),(11782,610,224,'GB',10,'2021-01-09 17:20:38'),(11783,611,212,'BUF',10,'2021-01-09 17:20:38'),(11784,611,213,'PIT',10,'2021-01-09 17:20:38'),(11785,611,214,'BAL',10,'2021-01-09 17:20:38'),(11786,611,215,'NO',10,'2021-01-09 17:20:38'),(11787,611,216,'LAR',10,'2021-01-09 17:20:38'),(11788,611,217,'TB',10,'2021-01-09 17:20:38'),(11789,611,218,'BAL',10,'2021-01-09 17:20:38'),(11790,611,219,'BUF',10,'2021-01-09 17:20:38'),(11791,611,220,'GB',10,'2021-01-09 17:20:38'),(11792,611,221,'NO',10,'2021-01-09 17:20:38'),(11793,611,222,'BUF',10,'2021-01-09 17:20:38'),(11794,611,223,'NO',10,'2021-01-09 17:20:38'),(11795,611,224,'BUF',10,'2021-01-09 17:20:38'),(11796,612,212,'BUF',10,'2021-01-09 17:20:38'),(11797,612,213,'PIT',10,'2021-01-09 17:20:38'),(11798,612,214,'BAL',10,'2021-01-09 17:20:38'),(11799,612,215,'NO',10,'2021-01-09 17:20:38'),(11800,612,216,'SEA',10,'2021-01-09 17:20:38'),(11801,612,217,'TB',10,'2021-01-09 17:20:38'),(11802,612,218,'KC',10,'2021-01-09 17:20:38'),(11803,612,219,'BUF',10,'2021-01-09 17:20:38'),(11804,612,220,'GB',10,'2021-01-09 17:20:38'),(11805,612,221,'NO',10,'2021-01-09 17:20:38'),(11806,612,222,'KC',10,'2021-01-09 17:20:38'),(11807,612,223,'GB',10,'2021-01-09 17:20:38'),(11808,612,224,'KC',10,'2021-01-09 17:20:38'),(11809,613,212,'BUF',10,'2021-01-09 17:20:38'),(11810,613,213,'PIT',10,'2021-01-09 17:20:38'),(11811,613,214,'TEN',10,'2021-01-09 17:20:38'),(11812,613,215,'NO',10,'2021-01-09 17:20:38'),(11813,613,216,'LAR',10,'2021-01-09 17:20:38'),(11814,613,217,'TB',10,'2021-01-09 17:20:38'),(11815,613,218,'KC',10,'2021-01-09 17:20:38'),(11816,613,219,'BUF',10,'2021-01-09 17:20:38'),(11817,613,220,'GB',10,'2021-01-09 17:20:38'),(11818,613,221,'TB',10,'2021-01-09 17:20:38'),(11819,613,222,'KC',10,'2021-01-09 17:20:38'),(11820,613,223,'GB',10,'2021-01-09 17:20:38'),(11821,613,224,'KC',10,'2021-01-09 17:20:38'),(11822,614,212,'IND',10,'2021-01-09 17:20:38'),(11823,614,213,'PIT',10,'2021-01-09 17:20:38'),(11824,614,214,'BAL',10,'2021-01-09 17:20:38'),(11825,614,215,'NO',10,'2021-01-09 17:20:38'),(11826,614,216,'LAR',10,'2021-01-09 17:20:38'),(11827,614,217,'TB',10,'2021-01-09 17:20:38'),(11828,614,218,'KC',10,'2021-01-09 17:20:38'),(11829,614,219,'BAL',10,'2021-01-09 17:20:38'),(11830,614,220,'GB',10,'2021-01-09 17:20:38'),(11831,614,221,'NO',10,'2021-01-09 17:20:38'),(11832,614,222,'KC',10,'2021-01-09 17:20:38'),(11833,614,223,'NO',10,'2021-01-09 17:20:38'),(11834,614,224,'KC',10,'2021-01-09 17:20:38'),(11835,615,212,'BUF',10,'2021-01-09 17:20:38'),(11836,615,213,'PIT',10,'2021-01-09 17:20:38'),(11837,615,214,'TEN',10,'2021-01-09 17:20:38'),(11838,615,215,'NO',10,'2021-01-09 17:20:38'),(11839,615,216,'SEA',10,'2021-01-09 17:20:38'),(11840,615,217,'TB',10,'2021-01-09 17:20:38'),(11841,615,218,'KC',10,'2021-01-09 17:20:38'),(11842,615,219,'BUF',10,'2021-01-09 17:20:38'),(11843,615,220,'GB',10,'2021-01-09 17:20:38'),(11844,615,221,'NO',10,'2021-01-09 17:20:38'),(11845,615,222,'BUF',10,'2021-01-09 17:20:38'),(11846,615,223,'GB',10,'2021-01-09 17:20:38'),(11847,615,224,'GB',10,'2021-01-09 17:20:38'),(11848,616,212,'IND',10,'2021-01-09 17:20:38'),(11849,616,213,'PIT',10,'2021-01-09 17:20:38'),(11850,616,214,'TEN',10,'2021-01-09 17:20:38'),(11851,616,215,'NO',10,'2021-01-09 17:20:38'),(11852,616,216,'LAR',10,'2021-01-09 17:20:38'),(11853,616,217,'TB',10,'2021-01-09 17:20:38'),(11854,616,218,'KC',10,'2021-01-09 17:20:38'),(11855,616,219,'TEN',10,'2021-01-09 17:20:38'),(11856,616,220,'GB',10,'2021-01-09 17:20:38'),(11857,616,221,'NO',10,'2021-01-09 17:20:38'),(11858,616,222,'KC',10,'2021-01-09 17:20:38'),(11859,616,223,'GB',10,'2021-01-09 17:20:38'),(11860,616,224,'GB',10,'2021-01-09 17:20:38'),(11861,617,212,'BUF',10,'2021-01-09 17:20:38'),(11862,617,213,'PIT',10,'2021-01-09 17:20:38'),(11863,617,214,'TEN',10,'2021-01-09 17:20:38'),(11864,617,215,'NO',10,'2021-01-09 17:20:38'),(11865,617,216,'SEA',10,'2021-01-09 17:20:38'),(11866,617,217,'TB',10,'2021-01-09 17:20:38'),(11867,617,218,'KC',10,'2021-01-09 17:20:38'),(11868,617,219,'PIT',10,'2021-01-09 17:20:38'),(11869,617,220,'GB',10,'2021-01-09 17:20:38'),(11870,617,221,'NO',10,'2021-01-09 17:20:38'),(11871,617,222,'KC',10,'2021-01-09 17:20:38'),(11872,617,223,'GB',10,'2021-01-09 17:20:38'),(11873,617,224,'KC',10,'2021-01-09 17:20:38'),(11874,618,212,'BUF',10,'2021-01-09 17:20:38'),(11875,618,213,'PIT',10,'2021-01-09 17:20:38'),(11876,618,214,'BAL',10,'2021-01-09 17:20:38'),(11877,618,215,'NO',10,'2021-01-09 17:20:38'),(11878,618,216,'SEA',10,'2021-01-09 17:20:38'),(11879,618,217,'TB',10,'2021-01-09 17:20:38'),(11880,618,218,'BAL',10,'2021-01-09 17:20:38'),(11881,618,219,'BUF',10,'2021-01-09 17:20:38'),(11882,618,220,'GB',10,'2021-01-09 17:20:38'),(11883,618,221,'SEA',10,'2021-01-09 17:20:38'),(11884,618,222,'BUF',10,'2021-01-09 17:20:38'),(11885,618,223,'GB',10,'2021-01-09 17:20:38'),(11886,618,224,'GB',10,'2021-01-09 17:20:38'),(11887,619,212,'IND',10,'2021-01-09 17:20:38'),(11888,619,213,'PIT',10,'2021-01-09 17:20:38'),(11889,619,214,'BAL',10,'2021-01-09 17:20:38'),(11890,619,215,'NO',10,'2021-01-09 17:20:38'),(11891,619,216,'LAR',10,'2021-01-09 17:20:38'),(11892,619,217,'TB',10,'2021-01-09 17:20:38'),(11893,619,218,'KC',10,'2021-01-09 17:20:38'),(11894,619,219,'BAL',10,'2021-01-09 17:20:38'),(11895,619,220,'GB',10,'2021-01-09 17:20:38'),(11896,619,221,'NO',10,'2021-01-09 17:20:38'),(11897,619,222,'KC',10,'2021-01-09 17:20:38'),(11898,619,223,'NO',10,'2021-01-09 17:20:38'),(11899,619,224,'NO',10,'2021-01-09 17:20:38'),(11900,620,212,'BUF',10,'2021-01-09 17:20:38'),(11901,620,213,'CLE',10,'2021-01-09 17:20:38'),(11902,620,214,'BAL',10,'2021-01-09 17:20:38'),(11903,620,215,'NO',10,'2021-01-09 17:20:38'),(11904,620,216,'SEA',10,'2021-01-09 17:20:38'),(11905,620,217,'TB',10,'2021-01-09 17:20:38'),(11906,620,218,'KC',10,'2021-01-09 17:20:38'),(11907,620,219,'BUF',10,'2021-01-09 17:20:38'),(11908,620,220,'TB',10,'2021-01-09 17:20:38'),(11909,620,221,'NO',10,'2021-01-09 17:20:38'),(11910,620,222,'BUF',10,'2021-01-09 17:20:38'),(11911,620,223,'NO',10,'2021-01-09 17:20:38'),(11912,620,224,'BUF',10,'2021-01-09 17:20:38'),(11913,621,212,'BUF',10,'2021-01-09 17:20:38'),(11914,621,213,'CLE',10,'2021-01-09 17:20:38'),(11915,621,214,'BAL',10,'2021-01-09 17:20:38'),(11916,621,215,'NO',10,'2021-01-09 17:20:38'),(11917,621,216,'SEA',10,'2021-01-09 17:20:38'),(11918,621,217,'TB',10,'2021-01-09 17:20:38'),(11919,621,218,'KC',10,'2021-01-09 17:20:38'),(11920,621,219,'BAL',10,'2021-01-09 17:20:38'),(11921,621,220,'GB',10,'2021-01-09 17:20:38'),(11922,621,221,'NO',10,'2021-01-09 17:20:38'),(11923,621,222,'KC',10,'2021-01-09 17:20:38'),(11924,621,223,'GB',10,'2021-01-09 17:20:38'),(11925,621,224,'KC',10,'2021-01-09 17:20:38'),(11926,622,212,'BUF',10,'2021-01-09 17:20:38'),(11927,622,213,'PIT',10,'2021-01-09 17:20:38'),(11928,622,214,'BAL',10,'2021-01-09 17:20:38'),(11929,622,215,'NO',10,'2021-01-09 17:20:38'),(11930,622,216,'SEA',10,'2021-01-09 17:20:38'),(11931,622,217,'TB',10,'2021-01-09 17:20:38'),(11932,622,218,'KC',10,'2021-01-09 17:20:38'),(11933,622,219,'BUF',10,'2021-01-09 17:20:38'),(11934,622,220,'GB',10,'2021-01-09 17:20:38'),(11935,622,221,'SEA',10,'2021-01-09 17:20:38'),(11936,622,222,'KC',10,'2021-01-09 17:20:38'),(11937,622,223,'GB',10,'2021-01-09 17:20:38'),(11938,622,224,'GB',10,'2021-01-09 17:20:38'),(11939,623,212,'BUF',10,'2021-01-09 17:20:38'),(11940,623,213,'PIT',10,'2021-01-09 17:20:38'),(11941,623,214,'BAL',10,'2021-01-09 17:20:38'),(11942,623,215,'NO',10,'2021-01-09 17:20:38'),(11943,623,216,'SEA',10,'2021-01-09 17:20:38'),(11944,623,217,'TB',10,'2021-01-09 17:20:38'),(11945,623,218,'KC',10,'2021-01-09 17:20:38'),(11946,623,219,'BUF',10,'2021-01-09 17:20:38'),(11947,623,220,'TB',10,'2021-01-09 17:20:38'),(11948,623,221,'NO',10,'2021-01-09 17:20:38'),(11949,623,222,'KC',10,'2021-01-09 17:20:38'),(11950,623,223,'NO',10,'2021-01-09 17:20:38'),(11951,623,224,'NO',10,'2021-01-09 17:20:38'),(11952,624,212,'BUF',10,'2021-01-09 17:20:38'),(11953,624,213,'PIT',10,'2021-01-09 17:20:38'),(11954,624,214,'BAL',10,'2021-01-09 17:20:38'),(11955,624,215,'NO',10,'2021-01-09 17:20:38'),(11956,624,216,'LAR',10,'2021-01-09 17:20:38'),(11957,624,217,'TB',10,'2021-01-09 17:20:38'),(11958,624,218,'KC',10,'2021-01-09 17:20:38'),(11959,624,219,'PIT',10,'2021-01-09 17:20:38'),(11960,624,220,'GB',10,'2021-01-09 17:20:38'),(11961,624,221,'NO',10,'2021-01-09 17:20:38'),(11962,624,222,'KC',10,'2021-01-09 17:20:38'),(11963,624,223,'GB',10,'2021-01-09 17:20:38'),(11964,624,224,'GB',10,'2021-01-09 17:20:38'),(11965,625,212,'BUF',10,'2021-01-09 17:20:38'),(11966,625,213,'PIT',10,'2021-01-09 17:20:38'),(11967,625,214,'BAL',10,'2021-01-09 17:20:38'),(11968,625,215,'NO',10,'2021-01-09 17:20:38'),(11969,625,216,'SEA',10,'2021-01-09 17:20:38'),(11970,625,217,'TB',10,'2021-01-09 17:20:38'),(11971,625,218,'KC',10,'2021-01-09 17:20:38'),(11972,625,219,'BUF',10,'2021-01-09 17:20:38'),(11973,625,220,'GB',10,'2021-01-09 17:20:38'),(11974,625,221,'SEA',10,'2021-01-09 17:20:38'),(11975,625,222,'KC',10,'2021-01-09 17:20:38'),(11976,625,223,'SEA',10,'2021-01-09 17:20:38'),(11977,625,224,'KC',10,'2021-01-09 17:20:38'),(11978,626,212,'IND',10,'2021-01-09 17:20:38'),(11979,626,213,'PIT',10,'2021-01-09 17:20:38'),(11980,626,214,'BAL',10,'2021-01-09 17:20:38'),(11981,626,215,'CHI',10,'2021-01-09 17:20:38'),(11982,626,216,'SEA',10,'2021-01-09 17:20:38'),(11983,626,217,'WAS',10,'2021-01-09 17:20:38'),(11984,626,218,'KC',10,'2021-01-09 17:20:38'),(11985,626,219,'BAL',10,'2021-01-09 17:20:38'),(11986,626,220,'GB',10,'2021-01-09 17:20:38'),(11987,626,221,'SEA',10,'2021-01-09 17:20:38'),(11988,626,222,'BAL',10,'2021-01-09 17:20:38'),(11989,626,223,'SEA',10,'2021-01-09 17:20:38'),(11990,626,224,'SEA',10,'2021-01-09 17:20:38'),(11991,627,212,'BUF',10,'2021-01-09 17:20:38'),(11992,627,213,'PIT',10,'2021-01-09 17:20:38'),(11993,627,214,'TEN',10,'2021-01-09 17:20:38'),(11994,627,215,'NO',10,'2021-01-09 17:20:38'),(11995,627,216,'SEA',10,'2021-01-09 17:20:38'),(11996,627,217,'TB',10,'2021-01-09 17:20:38'),(11997,627,218,'KC',10,'2021-01-09 17:20:38'),(11998,627,219,'BUF',10,'2021-01-09 17:20:38'),(11999,627,220,'GB',10,'2021-01-09 17:20:38'),(12000,627,221,'NO',10,'2021-01-09 17:20:38'),(12001,627,222,'KC',10,'2021-01-09 17:20:38'),(12002,627,223,'GB',10,'2021-01-09 17:20:38'),(12003,627,224,'KC',10,'2021-01-09 17:20:38'),(12004,628,385,'KC',11,'2022-01-12 16:27:55'),(12005,628,386,'BUF',11,'2022-01-12 16:27:55'),(12006,628,387,'CIN',11,'2022-01-12 16:27:55'),(12007,628,388,'TB',11,'2022-01-12 16:27:55'),(12008,628,389,'DAL',11,'2022-01-12 16:27:55'),(12009,628,390,'LAR',11,'2022-01-12 16:27:55'),(12010,628,391,'TEN',11,'2022-01-12 16:27:55'),(12011,628,392,'BUF',11,'2022-01-12 16:27:55'),(12012,628,393,'GB',11,'2022-01-12 16:27:55'),(12013,628,394,'DAL',11,'2022-01-12 16:27:55'),(12014,628,395,'BUF',11,'2022-01-12 16:27:56'),(12015,628,396,'GB',11,'2022-01-12 16:27:56'),(12016,628,397,'GB',11,'2022-01-12 16:27:56'),(12030,633,385,'KC',11,'2022-01-12 20:14:22'),(12031,633,386,'BUF',11,'2022-01-12 20:14:22'),(12032,633,387,'CIN',11,'2022-01-12 20:14:22'),(12033,633,388,'TB',11,'2022-01-12 20:14:22'),(12034,633,389,'DAL',11,'2022-01-12 20:14:22'),(12035,633,390,'LAR',11,'2022-01-12 20:14:22'),(12036,633,391,'CIN',11,'2022-01-12 20:14:22'),(12037,633,392,'KC',11,'2022-01-12 20:14:22'),(12038,633,393,'GB',11,'2022-01-12 20:14:22'),(12039,633,394,'DAL',11,'2022-01-12 20:14:23'),(12040,633,395,'KC',11,'2022-01-12 20:14:23'),(12041,633,396,'GB',11,'2022-01-12 20:14:23'),(12042,633,397,'GB',11,'2022-01-12 20:14:23'),(12043,630,385,'KC',11,'2022-01-13 00:29:56'),(12044,630,386,'NE',11,'2022-01-13 00:29:56'),(12045,630,387,'LV',11,'2022-01-13 00:29:57'),(12046,630,388,'TB',11,'2022-01-13 00:29:57'),(12047,630,389,'DAL',11,'2022-01-13 00:29:57'),(12048,630,390,'LAR',11,'2022-01-13 00:29:57'),(12049,630,391,'TEN',11,'2022-01-13 00:29:57'),(12050,630,392,'KC',11,'2022-01-13 00:29:57'),(12051,630,393,'GB',11,'2022-01-13 00:29:57'),(12052,630,394,'TB',11,'2022-01-13 00:29:57'),(12053,630,395,'KC',11,'2022-01-13 00:29:57'),(12054,630,396,'GB',11,'2022-01-13 00:29:57'),(12055,630,397,'KC',11,'2022-01-13 00:29:57'),(12056,635,385,'KC',11,'2022-01-13 01:10:19'),(12057,635,386,'NE',11,'2022-01-13 01:10:19'),(12058,635,387,'CIN',11,'2022-01-13 01:10:19'),(12059,635,388,'TB',11,'2022-01-13 01:10:19'),(12060,635,389,'SF',11,'2022-01-13 01:10:20'),(12061,635,390,'LAR',11,'2022-01-13 01:10:20'),(12062,635,391,'TEN',11,'2022-01-13 01:10:20'),(12063,635,392,'KC',11,'2022-01-13 01:10:20'),(12064,635,393,'GB',11,'2022-01-13 01:10:20'),(12065,635,394,'LAR',11,'2022-01-13 01:10:20'),(12066,635,395,'KC',11,'2022-01-13 01:10:20'),(12067,635,396,'LAR',11,'2022-01-13 01:10:20'),(12068,635,397,'LAR',11,'2022-01-13 01:10:20'),(12069,632,385,'KC',11,'2022-01-13 14:33:19'),(12070,632,386,'NE',11,'2022-01-13 14:33:19'),(12071,632,387,'CIN',11,'2022-01-13 14:33:20'),(12072,632,388,'TB',11,'2022-01-13 14:33:20'),(12073,632,389,'SF',11,'2022-01-13 14:33:20'),(12074,632,390,'LAR',11,'2022-01-13 14:33:20'),(12075,632,391,'TEN',11,'2022-01-13 14:33:20'),(12076,632,392,'KC',11,'2022-01-13 14:33:20'),(12077,632,393,'GB',11,'2022-01-13 14:33:20'),(12078,632,394,'LAR',11,'2022-01-13 14:33:20'),(12079,632,395,'TEN',11,'2022-01-13 14:33:20'),(12080,632,396,'GB',11,'2022-01-13 14:33:20'),(12081,632,397,'GB',11,'2022-01-13 14:33:20'),(12082,637,385,'KC',11,'2022-01-13 14:50:48'),(12083,637,386,'BUF',11,'2022-01-13 14:50:49'),(12084,637,387,'CIN',11,'2022-01-13 14:50:49'),(12085,637,388,'TB',11,'2022-01-13 14:50:49'),(12086,637,389,'DAL',11,'2022-01-13 14:50:49'),(12087,637,390,'LAR',11,'2022-01-13 14:50:49'),(12088,637,391,'TEN',11,'2022-01-13 14:50:49'),(12089,637,392,'KC',11,'2022-01-13 14:50:49'),(12090,637,393,'GB',11,'2022-01-13 14:50:49'),(12091,637,394,'DAL',11,'2022-01-13 14:50:49'),(12092,637,395,'TEN',11,'2022-01-13 14:50:49'),(12093,637,396,'GB',11,'2022-01-13 14:50:49'),(12094,637,397,'GB',11,'2022-01-13 14:50:49'),(12095,645,385,'KC',11,'2022-01-13 20:00:10'),(12096,645,386,'BUF',11,'2022-01-13 20:00:11'),(12097,645,387,'LV',11,'2022-01-13 20:00:11'),(12098,645,388,'TB',11,'2022-01-13 20:00:11'),(12099,645,389,'DAL',11,'2022-01-13 20:00:11'),(12100,645,390,'LAR',11,'2022-01-13 20:00:11'),(12101,645,391,'TEN',11,'2022-01-13 20:00:11'),(12102,645,392,'KC',11,'2022-01-13 20:00:11'),(12103,645,393,'GB',11,'2022-01-13 20:00:11'),(12104,645,394,'DAL',11,'2022-01-13 20:00:11'),(12105,645,395,'TEN',11,'2022-01-13 20:00:11'),(12106,645,396,'GB',11,'2022-01-13 20:00:11'),(12107,645,397,'GB',11,'2022-01-13 20:00:11'),(12108,638,385,'KC',11,'2022-01-13 22:52:37'),(12109,638,386,'NE',11,'2022-01-13 22:52:37'),(12110,638,387,'CIN',11,'2022-01-13 22:52:37'),(12111,638,388,'TB',11,'2022-01-13 22:52:37'),(12112,638,389,'DAL',11,'2022-01-13 22:52:37'),(12113,638,390,'LAR',11,'2022-01-13 22:52:37'),(12114,638,391,'NE',11,'2022-01-13 22:52:37'),(12115,638,392,'KC',11,'2022-01-13 22:52:37'),(12116,638,393,'GB',11,'2022-01-13 22:52:37'),(12117,638,394,'DAL',11,'2022-01-13 22:52:38'),(12118,638,395,'KC',11,'2022-01-13 22:52:38'),(12119,638,396,'GB',11,'2022-01-13 22:52:38'),(12120,638,397,'GB',11,'2022-01-13 22:52:38'),(12121,636,385,'KC',11,'2022-01-14 00:58:22'),(12122,636,386,'BUF',11,'2022-01-14 00:58:23'),(12123,636,387,'LV',11,'2022-01-14 00:58:23'),(12124,636,388,'TB',11,'2022-01-14 00:58:23'),(12125,636,389,'DAL',11,'2022-01-14 00:58:23'),(12126,636,390,'LAR',11,'2022-01-14 00:58:23'),(12127,636,391,'TEN',11,'2022-01-14 00:58:23'),(12128,636,392,'KC',11,'2022-01-14 00:58:23'),(12129,636,393,'LAR',11,'2022-01-14 00:58:23'),(12130,636,394,'TB',11,'2022-01-14 00:58:23'),(12131,636,395,'KC',11,'2022-01-14 00:58:23'),(12132,636,396,'TB',11,'2022-01-14 00:58:23'),(12133,636,397,'TB',11,'2022-01-14 00:58:23'),(12134,634,385,'KC',11,'2022-01-14 01:46:30'),(12135,634,386,'BUF',11,'2022-01-14 01:46:30'),(12136,634,387,'CIN',11,'2022-01-14 01:46:31'),(12137,634,388,'TB',11,'2022-01-14 01:46:31'),(12138,634,389,'SF',11,'2022-01-14 01:46:31'),(12139,634,390,'ARI',11,'2022-01-14 01:46:31'),(12140,634,391,'TEN',11,'2022-01-14 01:46:31'),(12141,634,392,'KC',11,'2022-01-14 01:46:31'),(12142,634,393,'GB',11,'2022-01-14 01:46:31'),(12143,634,394,'ARI',11,'2022-01-14 01:46:31'),(12144,634,395,'KC',11,'2022-01-14 01:46:31'),(12145,634,396,'ARI',11,'2022-01-14 01:46:31'),(12146,634,397,'ARI',11,'2022-01-14 01:46:31'),(12147,631,385,'KC',11,'2022-01-14 02:24:48'),(12148,631,386,'BUF',11,'2022-01-14 02:24:49'),(12149,631,387,'CIN',11,'2022-01-14 02:24:49'),(12150,631,388,'TB',11,'2022-01-14 02:24:49'),(12151,631,389,'SF',11,'2022-01-14 02:24:49'),(12152,631,390,'LAR',11,'2022-01-14 02:24:49'),(12153,631,391,'TEN',11,'2022-01-14 02:24:49'),(12154,631,392,'KC',11,'2022-01-14 02:24:49'),(12155,631,393,'GB',11,'2022-01-14 02:24:49'),(12156,631,394,'LAR',11,'2022-01-14 02:24:49'),(12157,631,395,'KC',11,'2022-01-14 02:24:49'),(12158,631,396,'GB',11,'2022-01-14 02:24:49'),(12159,631,397,'GB',11,'2022-01-14 02:24:49'),(12167,646,392,'KC',11,'2022-01-14 15:37:56'),(12168,646,393,'GB',11,'2022-01-14 15:37:56'),(12169,646,394,'DAL',11,'2022-01-14 15:37:56'),(12170,646,395,'TEN',11,'2022-01-14 15:37:56'),(12171,646,396,'DAL',11,'2022-01-14 15:37:56'),(12172,646,397,'DAL',11,'2022-01-14 15:37:56'),(12173,646,385,'KC',11,'2022-01-14 15:37:57'),(12174,646,386,'BUF',11,'2022-01-14 15:37:57'),(12175,646,387,'CIN',11,'2022-01-14 15:37:57'),(12176,646,388,'TB',11,'2022-01-14 15:37:57'),(12177,646,389,'DAL',11,'2022-01-14 15:37:57'),(12178,646,390,'ARI',11,'2022-01-14 15:37:57'),(12179,646,391,'TEN',11,'2022-01-14 15:37:57'),(12277,644,385,'KC',11,'2022-01-14 20:49:54'),(12278,644,386,'BUF',11,'2022-01-14 20:49:55'),(12279,644,387,'LV',11,'2022-01-14 20:49:55'),(12280,644,388,'TB',11,'2022-01-14 20:49:55'),(12281,644,389,'SF',11,'2022-01-14 20:49:55'),(12282,644,390,'LAR',11,'2022-01-14 20:49:55'),(12283,644,391,'TEN',11,'2022-01-14 20:49:55'),(12284,644,392,'BUF',11,'2022-01-14 20:49:55'),(12285,644,393,'GB',11,'2022-01-14 20:49:55'),(12286,644,394,'LAR',11,'2022-01-14 20:49:55'),(12287,644,395,'BUF',11,'2022-01-14 20:49:55'),(12288,644,396,'GB',11,'2022-01-14 20:49:55'),(12289,644,397,'BUF',11,'2022-01-14 20:49:55'),(12316,639,385,'KC',11,'2022-01-15 01:00:02'),(12317,639,386,'BUF',11,'2022-01-15 01:00:02'),(12318,639,387,'CIN',11,'2022-01-15 01:00:02'),(12319,639,388,'TB',11,'2022-01-15 01:00:02'),(12320,639,389,'DAL',11,'2022-01-15 01:00:02'),(12321,639,390,'LAR',11,'2022-01-15 01:00:02'),(12322,639,391,'TEN',11,'2022-01-15 01:00:02'),(12323,639,392,'KC',11,'2022-01-15 01:00:02'),(12324,639,393,'GB',11,'2022-01-15 01:00:02'),(12325,639,394,'DAL',11,'2022-01-15 01:00:02'),(12326,639,395,'KC',11,'2022-01-15 01:00:03'),(12327,639,396,'GB',11,'2022-01-15 01:00:03'),(12328,639,397,'GB',11,'2022-01-15 01:00:03'),(12329,647,385,'KC',11,'2022-01-15 02:34:23'),(12330,647,386,'NE',11,'2022-01-15 02:34:23'),(12331,647,387,'CIN',11,'2022-01-15 02:34:23'),(12332,647,388,'TB',11,'2022-01-15 02:34:23'),(12333,647,389,'SF',11,'2022-01-15 02:34:23'),(12334,647,390,'LAR',11,'2022-01-15 02:34:24'),(12335,647,391,'NE',11,'2022-01-15 02:34:24'),(12336,647,392,'KC',11,'2022-01-15 02:34:24'),(12337,647,393,'SF',11,'2022-01-15 02:34:24'),(12338,647,394,'TB',11,'2022-01-15 02:34:24'),(12339,647,395,'KC',11,'2022-01-15 02:34:24'),(12340,647,396,'TB',11,'2022-01-15 02:34:24'),(12341,647,397,'TB',11,'2022-01-15 02:34:24'),(12342,650,385,'KC',11,'2022-01-15 02:40:51'),(12343,650,386,'NE',11,'2022-01-15 02:40:51'),(12344,650,387,'LV',11,'2022-01-15 02:40:51'),(12345,650,388,'PHI',11,'2022-01-15 02:40:51'),(12346,650,389,'DAL',11,'2022-01-15 02:40:52'),(12347,650,390,'LAR',11,'2022-01-15 02:40:52'),(12348,650,391,'TEN',11,'2022-01-15 02:40:52'),(12349,650,392,'KC',11,'2022-01-15 02:40:52'),(12350,650,393,'PHI',11,'2022-01-15 02:40:52'),(12351,650,394,'DAL',11,'2022-01-15 02:40:52'),(12352,650,395,'KC',11,'2022-01-15 02:40:52'),(12353,650,396,'PHI',11,'2022-01-15 02:40:52'),(12354,650,397,'PHI',11,'2022-01-15 02:40:52'),(12355,652,385,'KC',11,'2022-01-15 02:48:12'),(12356,652,386,'BUF',11,'2022-01-15 02:48:12'),(12357,652,387,'CIN',11,'2022-01-15 02:48:12'),(12358,652,388,'TB',11,'2022-01-15 02:48:12'),(12359,652,389,'DAL',11,'2022-01-15 02:48:12'),(12360,652,390,'ARI',11,'2022-01-15 02:48:12'),(12361,652,391,'TEN',11,'2022-01-15 02:48:12'),(12362,652,392,'BUF',11,'2022-01-15 02:48:12'),(12363,652,393,'GB',11,'2022-01-15 02:48:12'),(12364,652,394,'DAL',11,'2022-01-15 02:48:12'),(12365,652,395,'TEN',11,'2022-01-15 02:48:12'),(12366,652,396,'DAL',11,'2022-01-15 02:48:12'),(12367,652,397,'DAL',11,'2022-01-15 02:48:13'),(12368,651,385,'KC',11,'2022-01-15 02:48:45'),(12369,651,386,'BUF',11,'2022-01-15 02:48:45'),(12370,651,387,'CIN',11,'2022-01-15 02:48:45'),(12371,651,388,'TB',11,'2022-01-15 02:48:45'),(12372,651,389,'SF',11,'2022-01-15 02:48:45'),(12373,651,390,'LAR',11,'2022-01-15 02:48:45'),(12374,651,391,'TEN',11,'2022-01-15 02:48:45'),(12375,651,392,'KC',11,'2022-01-15 02:48:46'),(12376,651,393,'GB',11,'2022-01-15 02:48:46'),(12377,651,394,'TB',11,'2022-01-15 02:48:46'),(12378,651,395,'TEN',11,'2022-01-15 02:48:46'),(12379,651,396,'TB',11,'2022-01-15 02:48:46'),(12380,651,397,'TB',11,'2022-01-15 02:48:46'),(12381,654,385,'KC',12,'2022-01-15 15:28:09'),(12382,654,386,'NE',12,'2022-01-15 15:28:09'),(12383,654,387,'CIN',12,'2022-01-15 15:28:09'),(12384,654,388,'TB',12,'2022-01-15 15:28:09'),(12385,654,389,'DAL',12,'2022-01-15 15:28:09'),(12386,654,390,'LAR',12,'2022-01-15 15:28:09'),(12387,654,391,'TEN',12,'2022-01-15 15:28:09'),(12388,654,392,'KC',12,'2022-01-15 15:28:09'),(12389,654,393,'GB',12,'2022-01-15 15:28:09'),(12390,654,394,'DAL',12,'2022-01-15 15:28:09'),(12391,654,395,'KC',12,'2022-01-15 15:28:09'),(12392,654,396,'DAL',12,'2022-01-15 15:28:09'),(12393,654,397,'DAL',12,'2022-01-15 15:28:09'),(12394,655,385,'KC',12,'2022-01-15 15:28:09'),(12395,655,386,'BUF',12,'2022-01-15 15:28:09'),(12396,655,387,'CIN',12,'2022-01-15 15:28:09'),(12397,655,388,'TB',12,'2022-01-15 15:28:09'),(12398,655,389,'DAL',12,'2022-01-15 15:28:09'),(12399,655,390,'ARI',12,'2022-01-15 15:28:09'),(12400,655,391,'TEN',12,'2022-01-15 15:28:09'),(12401,655,392,'KC',12,'2022-01-15 15:28:09'),(12402,655,393,'GB',12,'2022-01-15 15:28:09'),(12403,655,394,'TB',12,'2022-01-15 15:28:09'),(12404,655,395,'KC',12,'2022-01-15 15:28:09'),(12405,655,396,'GB',12,'2022-01-15 15:28:09'),(12406,655,397,'KC',12,'2022-01-15 15:28:09'),(12407,656,385,'KC',12,'2022-01-15 15:28:09'),(12408,656,386,'BUF',12,'2022-01-15 15:28:09'),(12409,656,387,'CIN',12,'2022-01-15 15:28:09'),(12410,656,388,'TB',12,'2022-01-15 15:28:09'),(12411,656,389,'DAL',12,'2022-01-15 15:28:09'),(12412,656,390,'ARI',12,'2022-01-15 15:28:09'),(12413,656,391,'CIN',12,'2022-01-15 15:28:09'),(12414,656,392,'KC',12,'2022-01-15 15:28:09'),(12415,656,393,'GB',12,'2022-01-15 15:28:09'),(12416,656,394,'DAL',12,'2022-01-15 15:28:09'),(12417,656,395,'KC',12,'2022-01-15 15:28:09'),(12418,656,396,'GB',12,'2022-01-15 15:28:09'),(12419,656,397,'GB',12,'2022-01-15 15:28:09'),(12420,657,385,'KC',12,'2022-01-15 15:28:09'),(12421,657,386,'BUF',12,'2022-01-15 15:28:09'),(12422,657,387,'CIN',12,'2022-01-15 15:28:09'),(12423,657,388,'TB',12,'2022-01-15 15:28:09'),(12424,657,389,'SF',12,'2022-01-15 15:28:09'),(12425,657,390,'LAR',12,'2022-01-15 15:28:09'),(12426,657,391,'CIN',12,'2022-01-15 15:28:09'),(12427,657,392,'KC',12,'2022-01-15 15:28:09'),(12428,657,393,'GB',12,'2022-01-15 15:28:09'),(12429,657,394,'LAR',12,'2022-01-15 15:28:09'),(12430,657,395,'KC',12,'2022-01-15 15:28:09'),(12431,657,396,'LAR',12,'2022-01-15 15:28:09'),(12432,657,397,'KC',12,'2022-01-15 15:28:09'),(12433,658,385,'KC',12,'2022-01-15 15:28:09'),(12434,658,386,'BUF',12,'2022-01-15 15:28:09'),(12435,658,387,'CIN',12,'2022-01-15 15:28:09'),(12436,658,388,'TB',12,'2022-01-15 15:28:09'),(12437,658,389,'DAL',12,'2022-01-15 15:28:09'),(12438,658,390,'ARI',12,'2022-01-15 15:28:09'),(12439,658,391,'TEN',12,'2022-01-15 15:28:09'),(12440,658,392,'KC',12,'2022-01-15 15:28:09'),(12441,658,393,'GB',12,'2022-01-15 15:28:09'),(12442,658,394,'TB',12,'2022-01-15 15:28:09'),(12443,658,395,'KC',12,'2022-01-15 15:28:09'),(12444,658,396,'TB',12,'2022-01-15 15:28:09'),(12445,658,397,'KC',12,'2022-01-15 15:28:09'),(12446,659,385,'KC',12,'2022-01-15 15:28:09'),(12447,659,386,'BUF',12,'2022-01-15 15:28:09'),(12448,659,387,'CIN',12,'2022-01-15 15:28:09'),(12449,659,388,'TB',12,'2022-01-15 15:28:09'),(12450,659,389,'DAL',12,'2022-01-15 15:28:09'),(12451,659,390,'ARI',12,'2022-01-15 15:28:09'),(12452,659,391,'TEN',12,'2022-01-15 15:28:09'),(12453,659,392,'BUF',12,'2022-01-15 15:28:09'),(12454,659,393,'GB',12,'2022-01-15 15:28:09'),(12455,659,394,'DAL',12,'2022-01-15 15:28:09'),(12456,659,395,'BUF',12,'2022-01-15 15:28:09'),(12457,659,396,'GB',12,'2022-01-15 15:28:09'),(12458,659,397,'GB',12,'2022-01-15 15:28:09'),(12459,660,385,'KC',12,'2022-01-15 15:28:09'),(12460,660,386,'BUF',12,'2022-01-15 15:28:09'),(12461,660,387,'LV',12,'2022-01-15 15:28:09'),(12462,660,388,'TB',12,'2022-01-15 15:28:09'),(12463,660,389,'SF',12,'2022-01-15 15:28:09'),(12464,660,390,'LAR',12,'2022-01-15 15:28:09'),(12465,660,391,'LV',12,'2022-01-15 15:28:09'),(12466,660,392,'BUF',12,'2022-01-15 15:28:09'),(12467,660,393,'GB',12,'2022-01-15 15:28:09'),(12468,660,394,'TB',12,'2022-01-15 15:28:09'),(12469,660,395,'BUF',12,'2022-01-15 15:28:09'),(12470,660,396,'TB',12,'2022-01-15 15:28:09'),(12471,660,397,'BUF',12,'2022-01-15 15:28:09'),(12472,661,385,'KC',12,'2022-01-15 15:28:09'),(12473,661,386,'NE',12,'2022-01-15 15:28:09'),(12474,661,387,'CIN',12,'2022-01-15 15:28:09'),(12475,661,388,'TB',12,'2022-01-15 15:28:09'),(12476,661,389,'DAL',12,'2022-01-15 15:28:09'),(12477,661,390,'LAR',12,'2022-01-15 15:28:09'),(12478,661,391,'NE',12,'2022-01-15 15:28:09'),(12479,661,392,'KC',12,'2022-01-15 15:28:09'),(12480,661,393,'LAR',12,'2022-01-15 15:28:09'),(12481,661,394,'DAL',12,'2022-01-15 15:28:09'),(12482,661,395,'KC',12,'2022-01-15 15:28:09'),(12483,661,396,'DAL',12,'2022-01-15 15:28:09'),(12484,661,397,'KC',12,'2022-01-15 15:28:09'),(12485,662,385,'KC',12,'2022-01-15 15:28:09'),(12486,662,386,'BUF',12,'2022-01-15 15:28:09'),(12487,662,387,'CIN',12,'2022-01-15 15:28:09'),(12488,662,388,'PHI',12,'2022-01-15 15:28:09'),(12489,662,389,'DAL',12,'2022-01-15 15:28:09'),(12490,662,390,'LAR',12,'2022-01-15 15:28:09'),(12491,662,391,'TEN',12,'2022-01-15 15:28:09'),(12492,662,392,'KC',12,'2022-01-15 15:28:09'),(12493,662,393,'GB',12,'2022-01-15 15:28:09'),(12494,662,394,'DAL',12,'2022-01-15 15:28:09'),(12495,662,395,'KC',12,'2022-01-15 15:28:09'),(12496,662,396,'DAL',12,'2022-01-15 15:28:09'),(12497,662,397,'KC',12,'2022-01-15 15:28:09'),(12498,663,385,'KC',12,'2022-01-15 15:28:09'),(12499,663,386,'BUF',12,'2022-01-15 15:28:09'),(12500,663,387,'LV',12,'2022-01-15 15:28:09'),(12501,663,388,'PHI',12,'2022-01-15 15:28:09'),(12502,663,389,'DAL',12,'2022-01-15 15:28:09'),(12503,663,390,'LAR',12,'2022-01-15 15:28:09'),(12504,663,391,'TEN',12,'2022-01-15 15:28:09'),(12505,663,392,'KC',12,'2022-01-15 15:28:09'),(12506,663,393,'GB',12,'2022-01-15 15:28:09'),(12507,663,394,'LAR',12,'2022-01-15 15:28:09'),(12508,663,395,'TEN',12,'2022-01-15 15:28:09'),(12509,663,396,'LAR',12,'2022-01-15 15:28:09'),(12510,663,397,'LAR',12,'2022-01-15 15:28:09'),(12511,664,385,'KC',12,'2022-01-15 15:28:09'),(12512,664,386,'BUF',12,'2022-01-15 15:28:09'),(12513,664,387,'CIN',12,'2022-01-15 15:28:09'),(12514,664,388,'TB',12,'2022-01-15 15:28:09'),(12515,664,389,'SF',12,'2022-01-15 15:28:09'),(12516,664,390,'LAR',12,'2022-01-15 15:28:09'),(12517,664,391,'CIN',12,'2022-01-15 15:28:09'),(12518,664,392,'KC',12,'2022-01-15 15:28:09'),(12519,664,393,'GB',12,'2022-01-15 15:28:09'),(12520,664,394,'LAR',12,'2022-01-15 15:28:09'),(12521,664,395,'KC',12,'2022-01-15 15:28:09'),(12522,664,396,'GB',12,'2022-01-15 15:28:09'),(12523,664,397,'KC',12,'2022-01-15 15:28:09'),(12524,665,385,'KC',12,'2022-01-15 15:28:09'),(12525,665,386,'NE',12,'2022-01-15 15:28:09'),(12526,665,387,'CIN',12,'2022-01-15 15:28:09'),(12527,665,388,'TB',12,'2022-01-15 15:28:09'),(12528,665,389,'DAL',12,'2022-01-15 15:28:09'),(12529,665,390,'ARI',12,'2022-01-15 15:28:09'),(12530,665,391,'TEN',12,'2022-01-15 15:28:09'),(12531,665,392,'KC',12,'2022-01-15 15:28:09'),(12532,665,393,'GB',12,'2022-01-15 15:28:09'),(12533,665,394,'DAL',12,'2022-01-15 15:28:09'),(12534,665,395,'KC',12,'2022-01-15 15:28:09'),(12535,665,396,'GB',12,'2022-01-15 15:28:09'),(12536,665,397,'GB',12,'2022-01-15 15:28:09'),(12537,666,385,'KC',12,'2022-01-15 15:28:09'),(12538,666,386,'BUF',12,'2022-01-15 15:28:09'),(12539,666,387,'LV',12,'2022-01-15 15:28:09'),(12540,666,388,'PHI',12,'2022-01-15 15:28:09'),(12541,666,389,'DAL',12,'2022-01-15 15:28:09'),(12542,666,390,'ARI',12,'2022-01-15 15:28:09'),(12543,666,391,'LV',12,'2022-01-15 15:28:09'),(12544,666,392,'KC',12,'2022-01-15 15:28:09'),(12545,666,393,'PHI',12,'2022-01-15 15:28:09'),(12546,666,394,'DAL',12,'2022-01-15 15:28:09'),(12547,666,395,'KC',12,'2022-01-15 15:28:09'),(12548,666,396,'DAL',12,'2022-01-15 15:28:09'),(12549,666,397,'DAL',12,'2022-01-15 15:28:09'),(12550,667,385,'KC',12,'2022-01-15 15:28:09'),(12551,667,386,'BUF',12,'2022-01-15 15:28:09'),(12552,667,387,'CIN',12,'2022-01-15 15:28:09'),(12553,667,388,'TB',12,'2022-01-15 15:28:09'),(12554,667,389,'SF',12,'2022-01-15 15:28:09'),(12555,667,390,'LAR',12,'2022-01-15 15:28:09'),(12556,667,391,'CIN',12,'2022-01-15 15:28:09'),(12557,667,392,'BUF',12,'2022-01-15 15:28:09'),(12558,667,393,'SF',12,'2022-01-15 15:28:09'),(12559,667,394,'TB',12,'2022-01-15 15:28:09'),(12560,667,395,'BUF',12,'2022-01-15 15:28:09'),(12561,667,396,'SF',12,'2022-01-15 15:28:09'),(12562,667,397,'SF',12,'2022-01-15 15:28:09'),(12563,668,385,'KC',12,'2022-01-15 15:28:09'),(12564,668,386,'BUF',12,'2022-01-15 15:28:09'),(12565,668,387,'CIN',12,'2022-01-15 15:28:09'),(12566,668,388,'TB',12,'2022-01-15 15:28:09'),(12567,668,389,'SF',12,'2022-01-15 15:28:09'),(12568,668,390,'LAR',12,'2022-01-15 15:28:09'),(12569,668,391,'CIN',12,'2022-01-15 15:28:09'),(12570,668,392,'KC',12,'2022-01-15 15:28:09'),(12571,668,393,'GB',12,'2022-01-15 15:28:09'),(12572,668,394,'LAR',12,'2022-01-15 15:28:09'),(12573,668,395,'KC',12,'2022-01-15 15:28:09'),(12574,668,396,'GB',12,'2022-01-15 15:28:09'),(12575,668,397,'GB',12,'2022-01-15 15:28:09'),(12576,669,385,'KC',12,'2022-01-15 15:28:09'),(12577,669,386,'BUF',12,'2022-01-15 15:28:09'),(12578,669,387,'CIN',12,'2022-01-15 15:28:09'),(12579,669,388,'TB',12,'2022-01-15 15:28:09'),(12580,669,389,'DAL',12,'2022-01-15 15:28:09'),(12581,669,390,'ARI',12,'2022-01-15 15:28:09'),(12582,669,391,'TEN',12,'2022-01-15 15:28:09'),(12583,669,392,'KC',12,'2022-01-15 15:28:09'),(12584,669,393,'GB',12,'2022-01-15 15:28:09'),(12585,669,394,'DAL',12,'2022-01-15 15:28:09'),(12586,669,395,'TEN',12,'2022-01-15 15:28:09'),(12587,669,396,'GB',12,'2022-01-15 15:28:09'),(12588,669,397,'GB',12,'2022-01-15 15:28:09'),(12589,670,385,'KC',12,'2022-01-15 15:28:09'),(12590,670,386,'BUF',12,'2022-01-15 15:28:09'),(12591,670,387,'CIN',12,'2022-01-15 15:28:09'),(12592,670,388,'TB',12,'2022-01-15 15:28:09'),(12593,670,389,'SF',12,'2022-01-15 15:28:09'),(12594,670,390,'LAR',12,'2022-01-15 15:28:09'),(12595,670,391,'CIN',12,'2022-01-15 15:28:09'),(12596,670,392,'BUF',12,'2022-01-15 15:28:09'),(12597,670,393,'GB',12,'2022-01-15 15:28:09'),(12598,670,394,'TB',12,'2022-01-15 15:28:09'),(12599,670,395,'CIN',12,'2022-01-15 15:28:09'),(12600,670,396,'TB',12,'2022-01-15 15:28:09'),(12601,670,397,'TB',12,'2022-01-15 15:28:09'),(12602,671,385,'KC',12,'2022-01-15 15:28:09'),(12603,671,386,'BUF',12,'2022-01-15 15:28:09'),(12604,671,387,'CIN',12,'2022-01-15 15:28:09'),(12605,671,388,'TB',12,'2022-01-15 15:28:09'),(12606,671,389,'DAL',12,'2022-01-15 15:28:09'),(12607,671,390,'LAR',12,'2022-01-15 15:28:09'),(12608,671,391,'TEN',12,'2022-01-15 15:28:09'),(12609,671,392,'BUF',12,'2022-01-15 15:28:09'),(12610,671,393,'GB',12,'2022-01-15 15:28:09'),(12611,671,394,'TB',12,'2022-01-15 15:28:09'),(12612,671,395,'BUF',12,'2022-01-15 15:28:09'),(12613,671,396,'GB',12,'2022-01-15 15:28:09'),(12614,671,397,'GB',12,'2022-01-15 15:28:09'),(12615,672,385,'KC',12,'2022-01-15 15:28:09'),(12616,672,386,'BUF',12,'2022-01-15 15:28:09'),(12617,672,387,'CIN',12,'2022-01-15 15:28:09'),(12618,672,388,'TB',12,'2022-01-15 15:28:09'),(12619,672,389,'SF',12,'2022-01-15 15:28:09'),(12620,672,390,'ARI',12,'2022-01-15 15:28:09'),(12621,672,391,'CIN',12,'2022-01-15 15:28:09'),(12622,672,392,'KC',12,'2022-01-15 15:28:09'),(12623,672,393,'GB',12,'2022-01-15 15:28:09'),(12624,672,394,'TB',12,'2022-01-15 15:28:09'),(12625,672,395,'KC',12,'2022-01-15 15:28:09'),(12626,672,396,'GB',12,'2022-01-15 15:28:09'),(12627,672,397,'KC',12,'2022-01-15 15:28:09'),(12628,673,385,'KC',12,'2022-01-15 15:28:09'),(12629,673,386,'BUF',12,'2022-01-15 15:28:09'),(12630,673,387,'LV',12,'2022-01-15 15:28:09'),(12631,673,388,'TB',12,'2022-01-15 15:28:09'),(12632,673,389,'DAL',12,'2022-01-15 15:28:09'),(12633,673,390,'ARI',12,'2022-01-15 15:28:09'),(12634,673,391,'TEN',12,'2022-01-15 15:28:09'),(12635,673,392,'KC',12,'2022-01-15 15:28:09'),(12636,673,393,'GB',12,'2022-01-15 15:28:09'),(12637,673,394,'TB',12,'2022-01-15 15:28:09'),(12638,673,395,'KC',12,'2022-01-15 15:28:09'),(12639,673,396,'GB',12,'2022-01-15 15:28:09'),(12640,673,397,'GB',12,'2022-01-15 15:28:09'),(12641,674,385,'KC',12,'2022-01-15 15:28:09'),(12642,674,386,'NE',12,'2022-01-15 15:28:09'),(12643,674,387,'CIN',12,'2022-01-15 15:28:09'),(12644,674,388,'TB',12,'2022-01-15 15:28:09'),(12645,674,389,'SF',12,'2022-01-15 15:28:09'),(12646,674,390,'LAR',12,'2022-01-15 15:28:09'),(12647,674,391,'NE',12,'2022-01-15 15:28:09'),(12648,674,392,'CIN',12,'2022-01-15 15:28:09'),(12649,674,393,'GB',12,'2022-01-15 15:28:09'),(12650,674,394,'LAR',12,'2022-01-15 15:28:09'),(12651,674,395,'CIN',12,'2022-01-15 15:28:09'),(12652,674,396,'LAR',12,'2022-01-15 15:28:09'),(12653,674,397,'CIN',12,'2022-01-15 15:28:09'),(12654,675,385,'KC',12,'2022-01-15 15:28:09'),(12655,675,386,'BUF',12,'2022-01-15 15:28:09'),(12656,675,387,'CIN',12,'2022-01-15 15:28:09'),(12657,675,388,'TB',12,'2022-01-15 15:28:09'),(12658,675,389,'DAL',12,'2022-01-15 15:28:09'),(12659,675,390,'LAR',12,'2022-01-15 15:28:09'),(12660,675,391,'CIN',12,'2022-01-15 15:28:09'),(12661,675,392,'BUF',12,'2022-01-15 15:28:09'),(12662,675,393,'GB',12,'2022-01-15 15:28:09'),(12663,675,394,'TB',12,'2022-01-15 15:28:09'),(12664,675,395,'BUF',12,'2022-01-15 15:28:09'),(12665,675,396,'TB',12,'2022-01-15 15:28:09'),(12666,675,397,'BUF',12,'2022-01-15 15:28:09'),(12667,676,385,'KC',12,'2022-01-15 15:28:09'),(12668,676,386,'BUF',12,'2022-01-15 15:28:09'),(12669,676,387,'CIN',12,'2022-01-15 15:28:09'),(12670,676,388,'TB',12,'2022-01-15 15:28:09'),(12671,676,389,'SF',12,'2022-01-15 15:28:09'),(12672,676,390,'LAR',12,'2022-01-15 15:28:09'),(12673,676,391,'TEN',12,'2022-01-15 15:28:09'),(12674,676,392,'BUF',12,'2022-01-15 15:28:09'),(12675,676,393,'GB',12,'2022-01-15 15:28:09'),(12676,676,394,'LAR',12,'2022-01-15 15:28:09'),(12677,676,395,'TEN',12,'2022-01-15 15:28:09'),(12678,676,396,'GB',12,'2022-01-15 15:28:09'),(12679,676,397,'TEN',12,'2022-01-15 15:28:09'),(12680,677,385,'KC',12,'2022-01-15 15:28:09'),(12681,677,386,'BUF',12,'2022-01-15 15:28:09'),(12682,677,387,'LV',12,'2022-01-15 15:28:09'),(12683,677,388,'TB',12,'2022-01-15 15:28:09'),(12684,677,389,'SF',12,'2022-01-15 15:28:09'),(12685,677,390,'ARI',12,'2022-01-15 15:28:09'),(12686,677,391,'TEN',12,'2022-01-15 15:28:09'),(12687,677,392,'BUF',12,'2022-01-15 15:28:09'),(12688,677,393,'GB',12,'2022-01-15 15:28:09'),(12689,677,394,'TB',12,'2022-01-15 15:28:09'),(12690,677,395,'BUF',12,'2022-01-15 15:28:09'),(12691,677,396,'GB',12,'2022-01-15 15:28:09'),(12692,677,397,'GB',12,'2022-01-15 15:28:09'),(12693,678,385,'KC',12,'2022-01-15 15:28:09'),(12694,678,386,'BUF',12,'2022-01-15 15:28:09'),(12695,678,387,'CIN',12,'2022-01-15 15:28:09'),(12696,678,388,'TB',12,'2022-01-15 15:28:09'),(12697,678,389,'SF',12,'2022-01-15 15:28:09'),(12698,678,390,'ARI',12,'2022-01-15 15:28:09'),(12699,678,391,'CIN',12,'2022-01-15 15:28:09'),(12700,678,392,'KC',12,'2022-01-15 15:28:09'),(12701,678,393,'GB',12,'2022-01-15 15:28:09'),(12702,678,394,'TB',12,'2022-01-15 15:28:09'),(12703,678,395,'KC',12,'2022-01-15 15:28:09'),(12704,678,396,'GB',12,'2022-01-15 15:28:09'),(12705,678,397,'GB',12,'2022-01-15 15:28:09'),(12706,679,385,'KC',12,'2022-01-15 15:28:09'),(12707,679,386,'BUF',12,'2022-01-15 15:28:09'),(12708,679,387,'CIN',12,'2022-01-15 15:28:09'),(12709,679,388,'TB',12,'2022-01-15 15:28:09'),(12710,679,389,'DAL',12,'2022-01-15 15:28:09'),(12711,679,390,'LAR',12,'2022-01-15 15:28:09'),(12712,679,391,'CIN',12,'2022-01-15 15:28:09'),(12713,679,392,'KC',12,'2022-01-15 15:28:09'),(12714,679,393,'GB',12,'2022-01-15 15:28:09'),(12715,679,394,'DAL',12,'2022-01-15 15:28:09'),(12716,679,395,'KC',12,'2022-01-15 15:28:09'),(12717,679,396,'GB',12,'2022-01-15 15:28:09'),(12718,679,397,'KC',12,'2022-01-15 15:28:09'),(12719,680,385,'KC',12,'2022-01-15 15:28:09'),(12720,680,386,'BUF',12,'2022-01-15 15:28:09'),(12721,680,387,'CIN',12,'2022-01-15 15:28:09'),(12722,680,388,'TB',12,'2022-01-15 15:28:09'),(12723,680,389,'SF',12,'2022-01-15 15:28:09'),(12724,680,390,'LAR',12,'2022-01-15 15:28:09'),(12725,680,391,'TEN',12,'2022-01-15 15:28:09'),(12726,680,392,'KC',12,'2022-01-15 15:28:09'),(12727,680,393,'GB',12,'2022-01-15 15:28:09'),(12728,680,394,'TB',12,'2022-01-15 15:28:09'),(12729,680,395,'KC',12,'2022-01-15 15:28:09'),(12730,680,396,'GB',12,'2022-01-15 15:28:09'),(12731,680,397,'KC',12,'2022-01-15 15:28:09'),(12732,681,385,'KC',12,'2022-01-15 15:28:09'),(12733,681,386,'BUF',12,'2022-01-15 15:28:09'),(12734,681,387,'CIN',12,'2022-01-15 15:28:09'),(12735,681,388,'TB',12,'2022-01-15 15:28:09'),(12736,681,389,'DAL',12,'2022-01-15 15:28:09'),(12737,681,390,'ARI',12,'2022-01-15 15:28:09'),(12738,681,391,'TEN',12,'2022-01-15 15:28:09'),(12739,681,392,'BUF',12,'2022-01-15 15:28:09'),(12740,681,393,'GB',12,'2022-01-15 15:28:09'),(12741,681,394,'TB',12,'2022-01-15 15:28:09'),(12742,681,395,'TEN',12,'2022-01-15 15:28:09'),(12743,681,396,'GB',12,'2022-01-15 15:28:09'),(12744,681,397,'GB',12,'2022-01-15 15:28:09'),(12745,682,385,'KC',12,'2022-01-15 15:28:09'),(12746,682,386,'BUF',12,'2022-01-15 15:28:09'),(12747,682,387,'CIN',12,'2022-01-15 15:28:09'),(12748,682,388,'TB',12,'2022-01-15 15:28:09'),(12749,682,389,'DAL',12,'2022-01-15 15:28:09'),(12750,682,390,'ARI',12,'2022-01-15 15:28:09'),(12751,682,391,'TEN',12,'2022-01-15 15:28:09'),(12752,682,392,'KC',12,'2022-01-15 15:28:09'),(12753,682,393,'GB',12,'2022-01-15 15:28:09'),(12754,682,394,'DAL',12,'2022-01-15 15:28:09'),(12755,682,395,'KC',12,'2022-01-15 15:28:09'),(12756,682,396,'GB',12,'2022-01-15 15:28:09'),(12757,682,397,'GB',12,'2022-01-15 15:28:09'),(12758,683,385,'KC',12,'2022-01-15 15:28:09'),(12759,683,386,'BUF',12,'2022-01-15 15:28:09'),(12760,683,387,'CIN',12,'2022-01-15 15:28:09'),(12761,683,388,'TB',12,'2022-01-15 15:28:09'),(12762,683,389,'SF',12,'2022-01-15 15:28:09'),(12763,683,390,'LAR',12,'2022-01-15 15:28:09'),(12764,683,391,'CIN',12,'2022-01-15 15:28:09'),(12765,683,392,'BUF',12,'2022-01-15 15:28:09'),(12766,683,393,'GB',12,'2022-01-15 15:28:09'),(12767,683,394,'LAR',12,'2022-01-15 15:28:09'),(12768,683,395,'BUF',12,'2022-01-15 15:28:09'),(12769,683,396,'GB',12,'2022-01-15 15:28:09'),(12770,683,397,'GB',12,'2022-01-15 15:28:09'),(12771,684,385,'KC',12,'2022-01-15 15:28:09'),(12772,684,386,'NE',12,'2022-01-15 15:28:09'),(12773,684,387,'LV',12,'2022-01-15 15:28:09'),(12774,684,388,'PHI',12,'2022-01-15 15:28:09'),(12775,684,389,'SF',12,'2022-01-15 15:28:09'),(12776,684,390,'ARI',12,'2022-01-15 15:28:09'),(12777,684,391,'TEN',12,'2022-01-15 15:28:09'),(12778,684,392,'KC',12,'2022-01-15 15:28:09'),(12779,684,393,'GB',12,'2022-01-15 15:28:09'),(12780,684,394,'SF',12,'2022-01-15 15:28:09'),(12781,684,395,'TEN',12,'2022-01-15 15:28:09'),(12782,684,396,'GB',12,'2022-01-15 15:28:09'),(12783,684,397,'TEN',12,'2022-01-15 15:28:09'),(12784,685,385,'KC',12,'2022-01-15 15:28:09'),(12785,685,386,'NE',12,'2022-01-15 15:28:09'),(12786,685,387,'CIN',12,'2022-01-15 15:28:09'),(12787,685,388,'TB',12,'2022-01-15 15:28:09'),(12788,685,389,'DAL',12,'2022-01-15 15:28:09'),(12789,685,390,'LAR',12,'2022-01-15 15:28:09'),(12790,685,391,'NE',12,'2022-01-15 15:28:09'),(12791,685,392,'CIN',12,'2022-01-15 15:28:09'),(12792,685,393,'GB',12,'2022-01-15 15:28:09'),(12793,685,394,'TB',12,'2022-01-15 15:28:09'),(12794,685,395,'CIN',12,'2022-01-15 15:28:09'),(12795,685,396,'TB',12,'2022-01-15 15:28:09'),(12796,685,397,'TB',12,'2022-01-15 15:28:09'),(12797,686,385,'KC',12,'2022-01-15 15:28:09'),(12798,686,386,'BUF',12,'2022-01-15 15:28:09'),(12799,686,387,'CIN',12,'2022-01-15 15:28:09'),(12800,686,388,'TB',12,'2022-01-15 15:28:09'),(12801,686,389,'SF',12,'2022-01-15 15:28:09'),(12802,686,390,'ARI',12,'2022-01-15 15:28:09'),(12803,686,391,'TEN',12,'2022-01-15 15:28:09'),(12804,686,392,'KC',12,'2022-01-15 15:28:09'),(12805,686,393,'GB',12,'2022-01-15 15:28:09'),(12806,686,394,'TB',12,'2022-01-15 15:28:09'),(12807,686,395,'KC',12,'2022-01-15 15:28:09'),(12808,686,396,'GB',12,'2022-01-15 15:28:09'),(12809,686,397,'GB',12,'2022-01-15 15:28:09'),(12810,687,385,'KC',12,'2022-01-15 15:28:09'),(12811,687,386,'NE',12,'2022-01-15 15:28:09'),(12812,687,387,'CIN',12,'2022-01-15 15:28:09'),(12813,687,388,'TB',12,'2022-01-15 15:28:09'),(12814,687,389,'SF',12,'2022-01-15 15:28:09'),(12815,687,390,'LAR',12,'2022-01-15 15:28:09'),(12816,687,391,'TEN',12,'2022-01-15 15:28:09'),(12817,687,392,'KC',12,'2022-01-15 15:28:09'),(12818,687,393,'GB',12,'2022-01-15 15:28:09'),(12819,687,394,'LAR',12,'2022-01-15 15:28:09'),(12820,687,395,'TEN',12,'2022-01-15 15:28:09'),(12821,687,396,'GB',12,'2022-01-15 15:28:09'),(12822,687,397,'GB',12,'2022-01-15 15:28:09'),(12823,688,385,'KC',12,'2022-01-15 15:28:09'),(12824,688,386,'BUF',12,'2022-01-15 15:28:09'),(12825,688,387,'CIN',12,'2022-01-15 15:28:09'),(12826,688,388,'TB',12,'2022-01-15 15:28:09'),(12827,688,389,'DAL',12,'2022-01-15 15:28:09'),(12828,688,390,'LAR',12,'2022-01-15 15:28:09'),(12829,688,391,'CIN',12,'2022-01-15 15:28:09'),(12830,688,392,'KC',12,'2022-01-15 15:28:09'),(12831,688,393,'GB',12,'2022-01-15 15:28:09'),(12832,688,394,'TB',12,'2022-01-15 15:28:09'),(12833,688,395,'KC',12,'2022-01-15 15:28:09'),(12834,688,396,'TB',12,'2022-01-15 15:28:09'),(12835,688,397,'KC',12,'2022-01-15 15:28:09'),(12836,689,385,'KC',12,'2022-01-15 15:28:09'),(12837,689,386,'BUF',12,'2022-01-15 15:28:09'),(12838,689,387,'CIN',12,'2022-01-15 15:28:09'),(12839,689,388,'TB',12,'2022-01-15 15:28:09'),(12840,689,389,'DAL',12,'2022-01-15 15:28:09'),(12841,689,390,'LAR',12,'2022-01-15 15:28:09'),(12842,689,391,'CIN',12,'2022-01-15 15:28:09'),(12843,689,392,'KC',12,'2022-01-15 15:28:09'),(12844,689,393,'GB',12,'2022-01-15 15:28:09'),(12845,689,394,'DAL',12,'2022-01-15 15:28:09'),(12846,689,395,'KC',12,'2022-01-15 15:28:09'),(12847,689,396,'GB',12,'2022-01-15 15:28:09'),(12848,689,397,'KC',12,'2022-01-15 15:28:09'),(12849,653,385,'KC',11,'2022-01-15 17:34:25'),(12850,653,386,'BUF',11,'2022-01-15 17:34:25'),(12851,653,387,'CIN',11,'2022-01-15 17:34:25'),(12852,653,388,'TB',11,'2022-01-15 17:34:25'),(12853,653,389,'DAL',11,'2022-01-15 17:34:26'),(12854,653,390,'ARI',11,'2022-01-15 17:34:26'),(12855,653,391,'CIN',11,'2022-01-15 17:34:26'),(12856,653,392,'KC',11,'2022-01-15 17:34:26'),(12857,653,393,'GB',11,'2022-01-15 17:34:26'),(12858,653,394,'TB',11,'2022-01-15 17:34:26'),(12859,653,395,'KC',11,'2022-01-15 17:34:26'),(12860,653,396,'GB',11,'2022-01-15 17:34:26'),(12861,653,397,'GB',11,'2022-01-15 17:34:26');
/*!40000 ALTER TABLE `pick` ENABLE KEYS */;
UNLOCK TABLES;

--
-- Table structure for table `pool`
--

DROP TABLE IF EXISTS `pool`;
/*!40101 SET @saved_cs_client     = @@character_set_client */;
 SET character_set_client = utf8mb4 ;
CREATE TABLE `pool` (
  `PoolId` int(5) NOT NULL,
  `PoolName` varchar(255) NOT NULL,
  `Year` int(5) NOT NULL,
  `FirstGameDateTime` timestamp NULL DEFAULT NULL,
  PRIMARY KEY (`PoolId`)
) ENGINE=InnoDB DEFAULT CHARSET=utf8mb4 COLLATE=utf8mb4_0900_ai_ci;
/*!40101 SET character_set_client = @saved_cs_client */;

--
-- Dumping data for table `pool`
--

LOCK TABLES `pool` WRITE;
/*!40000 ALTER TABLE `pool` DISABLE KEYS */;
INSERT INTO `pool` VALUES (1,'Sculley 2014',14,NULL),(2,'Sculley 2015',15,NULL),(3,'Sculley 2016',16,NULL),(4,'Sculley 2017',17,NULL),(5,'Sculley 2018',18,NULL),(6,'Jacobus 2018',18,NULL),(7,'Sculley 2019',19,NULL),(8,'Jacobus 2019',19,NULL),(9,'Jacobus 2020',20,NULL),(10,'Sculley 2020',20,NULL),(11,'Jacobus 2021',21,'2022-01-15 22:00:00'),(12,'Sculley 2021',21,'2022-01-15 22:00:00'),(13,'Test',22,'2022-01-29 20:00:00');
/*!40000 ALTER TABLE `pool` ENABLE KEYS */;
UNLOCK TABLES;

--
-- Table structure for table `user`
--

DROP TABLE IF EXISTS `user`;
/*!40101 SET @saved_cs_client     = @@character_set_client */;
 SET character_set_client = utf8mb4 ;
CREATE TABLE `user` (
  `UserId` int(11) NOT NULL AUTO_INCREMENT,
  `UserName` varchar(255) NOT NULL,
  `LastName` varchar(255) DEFAULT NULL,
  `FirstName` varchar(255) DEFAULT NULL,
  `Email` varchar(255) DEFAULT NULL,
  `Year` int(5) DEFAULT NULL,
  `admin` tinyint(1) DEFAULT NULL,
  `PoolId` int(5) DEFAULT NULL,
  PRIMARY KEY (`UserId`),
  UNIQUE KEY `UC_User` (`UserName`,`PoolId`)
) ENGINE=InnoDB AUTO_INCREMENT=968 DEFAULT CHARSET=utf8;
/*!40101 SET character_set_client = @saved_cs_client */;

--
-- Dumping data for table `user`
--

LOCK TABLES `user` WRITE;
/*!40000 ALTER TABLE `user` DISABLE KEYS */;
INSERT INTO `user` VALUES (181,'MJS1','','','',17,0,4),(182,'MJS2','','','',17,0,4),(183,'MJS3','','','',17,0,4),(184,'Zach S','','','',17,0,4),(185,'Dennis Farrell','','','',17,0,4),(186,'CJ1','','','',17,1,4),(187,'CJ2','','','',17,1,4),(188,'Ron Kuhn','','','',17,0,4),(189,'Conroy 1','','','',17,0,4),(190,'Conroy 2','','','',17,0,4),(191,'Conroy 3','','','',17,0,4),(192,'Steve C1','','','',17,0,4),(193,'Steve C2','','','',17,0,4),(194,'Bob Pic','','','',17,0,4),(195,'Pictor Girls','','','',17,0,4),(196,'Quinzi 1','','','',17,0,4),(197,'Quinzi 2','','','',17,0,4),(198,'Greg M 1','','','',17,0,4),(199,'Greg M 2','','','',17,0,4),(200,'Ryan W.','','','',17,0,4),(201,'Rob W.','','','',17,0,4),(202,'Harry 1','','','',17,0,4),(203,'Harry 2','','','',17,0,4),(204,'Harry 3','','','',17,0,4),(205,'Ben H','','','',17,0,4),(206,'Stan 1','','','',17,0,4),(207,'Stan 2','','','',17,0,4),(208,'Bob W.','','','',17,0,4),(209,'Dave Z','','','',17,0,4),(210,'Pat Z','','','',17,0,4),(211,'PKO','','','',17,0,4),(212,'Go Chiefs','','','',17,0,4),(213,'Jim S1','','','',17,0,4),(214,'Jim S2','','','',17,0,4),(215,'Matt B1','','','',17,0,4),(216,'Matt B2','','','',17,0,4),(217,'Matt B3','','','',17,0,4),(218,'MMS','','','',17,0,4),(295,'Chris','Jacobus','Chris','cjacobus65@gmail.com',18,1,6),(296,'Bryan','Knatz','Bryan','',18,0,6),(297,'Matt','Jacobus','Matt',NULL,18,0,6),(298,'William','Jacobus','Bill',NULL,18,0,6),(299,'Ben','Ezekiel','Ben',NULL,18,0,6),(300,'Aruna','Ezekiel','Aruna',NULL,18,0,6),(301,'Toby','Kinney','Toby',NULL,18,0,6),(302,'Jake','Liu','Jake',NULL,18,0,6),(303,'Bill','Bay','Bill',NULL,18,0,6),(304,'Logan','Blanco','Logan',NULL,18,0,6),(305,'Mike','Brooks','Mike',NULL,18,0,6),(348,'Mike S1','','','',18,0,5),(349,'Mike S2','','','',18,0,5),(350,'Mike S3','','','',18,0,5),(351,'Zach S','','','',18,0,5),(352,'D Leo','','','',18,0,5),(353,'Jason Rider','','','',18,0,5),(354,'Conroy1','','','',18,0,5),(355,'Conroy2','','','',18,0,5),(356,'DB','','','',18,0,5),(357,'Jacobus 1','','','',18,1,5),(358,'Jacobus 2','','','',18,1,5),(359,'Jacobus 3','','','',18,1,5),(360,'Dennis Farrell','','','',18,0,5),(361,'Ron Kuhn','','','',18,0,5),(362,'Bob W.','','','',18,0,5),(363,'Rob W.','','','',18,0,5),(364,'Lori W','','','',18,0,5),(365,'Bob Pic','','','',18,0,5),(366,'Pic the Winner','','','',18,0,5),(367,'Greg M 1','','','',18,0,5),(368,'Greg M 2','','','',18,0,5),(369,'Harry 1','','','',18,0,5),(370,'Harry 2','','','',18,0,5),(371,'Harry 3','','','',18,0,5),(372,'Ben H 1','','','',18,0,5),(373,'Ben H 2','','','',18,0,5),(374,'Stan 1','','','',18,0,5),(375,'Stan 2','','','',18,0,5),(376,'Steve C','','','',18,0,5),(377,'obrien','','','',18,0,5),(378,'dave z','','','',18,0,5),(379,'Matt B 1','','','',18,0,5),(380,'Matt B 2','','','',18,0,5),(381,'Matt B 3','','','',18,0,5),(382,'JS1','','','',18,0,5),(383,'JS2','','','',18,0,5),(384,'Scott','','','',18,0,5),(385,'Paul G','','','',18,0,5),(386,'JS3','','','',18,0,5),(387,'Chris R 2','','','',14,0,1),(388,'Chris R 3','','','',14,0,1),(389,'Steve C','','','',14,0,1),(390,'Steve C2','','','',14,0,1),(391,'Harry 1','','','',14,0,1),(392,'Harry 2','','','',14,0,1),(393,'Harry 3','','','',14,0,1),(394,'Harry 4','','','',14,0,1),(395,'Stan 1','','','',14,0,1),(396,'Stan 2','','','',14,0,1),(397,'Quinzi #1','','','',14,0,1),(398,'Quinzi #2','','','',14,0,1),(399,'Maddie Q','','','',14,0,1),(400,'Joey Presutti','','','',14,0,1),(401,'Rob W.','','','',14,0,1),(402,'Lori W.','','','',14,0,1),(403,'Bob Pictor','','','',14,0,1),(404,'Pictor Girls','','','',14,0,1),(405,'Pat Z','','','',14,0,1),(406,'Dave Z','','','',14,0,1),(407,'obrien','','','',14,0,1),(408,'John Harkawik','','','',14,0,1),(409,'Steve Good','','','',14,0,1),(410,'Latch1','','','',14,0,1),(411,'Latch2','','','',14,0,1),(412,'Sean','','','',14,0,1),(413,'Jim S1','','','',14,0,1),(414,'Jim S2','','','',14,0,1),(415,'Paul','','','',14,0,1),(416,'Mike S1','','','',14,0,1),(417,'Mike S2','','','',14,0,1),(418,'Mike S3','','','',14,0,1),(419,'Zach S','','','',14,0,1),(420,'Larissa','','','',14,0,1),(421,'MTS','','','',14,0,1),(422,'Ron Kuhn 1','','','',14,0,1),(423,'Ron Kuhn 2','','','',14,0,1),(424,'Andy Kuhn1','','','',14,0,1),(425,'Andy Kuhn2','','','',14,0,1),(426,'Greg M 1','','','',14,0,1),(427,'Greg M 2','','','',14,0,1),(428,'Jacobus 1','','','',14,1,1),(429,'Jacobus 2','','','',14,1,1),(430,'Dennis Farrell','','','',14,0,1),(431,'Bob W.','','','',14,0,1),(432,'Chris R 1','','','',14,0,1),(433,'Joey P','','','',15,0,2),(434,'Jason R','','','',15,0,2),(435,'Bob Wensley','','','',15,0,2),(436,'Ryan Wensley','','','',15,0,2),(437,'Maloney','','','',15,0,2),(438,'PKO','','','',15,0,2),(439,'Steve Good1','','','',15,0,2),(440,'Steve Good 2','','','',15,0,2),(441,'Scott Sculley','','','',15,0,2),(442,'Jim S 1','','','',15,0,2),(443,'Jim S 2','','','',15,0,2),(444,'Sean Sculley','','','',15,0,2),(445,'John H','','','',15,0,2),(446,'Paul L','','','',15,0,2),(447,'Terry M','','','',15,0,2),(448,'PG 1','','','',15,0,2),(449,'PG 2','','','',15,0,2),(450,'Mike S1','','','',15,0,2),(451,'Mike S2','','','',15,0,2),(452,'Mike S3','','','',15,0,2),(453,'Zach S','','','',15,0,2),(454,'MTS','','','',15,0,2),(455,'regruit1','','','',15,0,2),(456,'regruit2','','','',15,0,2),(457,'regruit3','','','',15,0,2),(458,'regruit4','','','',15,0,2),(459,'Jacobus 1','','','',15,1,2),(460,'Jacobus 2','','','',15,1,2),(461,'Ron Kuhn','','','',15,0,2),(462,'Greg M 1','','','',15,0,2),(463,'Greg M 2','','','',15,0,2),(464,'Dennis Farrell','','','',15,0,2),(465,'Harry 1','','','',15,0,2),(466,'Harry 2','','','',15,0,2),(467,'Harry 3','','','',15,0,2),(468,'Harry 4','','','',15,0,2),(469,'H&B sons','','','',15,0,2),(470,'Stan 1','','','',15,0,2),(471,'Stan 2','','','',15,0,2),(472,'John L','','','',15,0,2),(473,'Conroy','','','',15,0,2),(474,'Conroy2','','','',15,0,2),(475,'Quinzi #1','','','',15,0,2),(476,'Quinzi #2','','','',15,0,2),(477,'MadelineQ','','','',15,0,2),(478,'Steve C1','','','',15,0,2),(479,'Steve C2','','','',15,0,2),(480,'Rob 1','','','',15,0,2),(481,'Rob 2','','','',15,0,2),(482,'Lori','','','',15,0,2),(483,'Bob Pictor','','','',15,0,2),(484,'Pictor Girls','','','',15,0,2),(485,'Mike S1','','','',16,0,3),(486,'Mike S2','','','',16,0,3),(487,'Mike S3','','','',16,0,3),(488,'Zach S','','','',16,0,3),(489,'Jacobus1','','','',16,1,3),(490,'Jacobus2','','','',16,1,3),(491,'Dennis Farrell','','','',16,0,3),(492,'Ron Kuhn 1','','','',16,0,3),(493,'Ron Kuhn 2','','','',16,0,3),(494,'SteveC1','','','',16,0,3),(495,'SteveC2','','','',16,0,3),(496,'Greg M 1','','','',16,0,3),(497,'Greg M 2','','','',16,0,3),(498,'Conroy1','','','',16,0,3),(499,'Conroy2','','','',16,0,3),(500,'Jim S','','','',16,0,3),(501,'Sean S','','','',16,0,3),(502,'Scott S','','','',16,0,3),(503,'Harry 1','','','',16,0,3),(504,'Harry 2','','','',16,0,3),(505,'Harry 3','','','',16,0,3),(506,'Ben H.','','','',16,0,3),(507,'Stan 1','','','',16,0,3),(508,'Stan 2','','','',16,0,3),(509,'CJR 1','','','',16,0,3),(510,'CJR 2','','','',16,0,3),(511,'CJR 3','','','',16,0,3),(512,'Lori W.','','','',16,0,3),(513,'Ryan W.','','','',16,0,3),(514,'Rob W.','','','',16,0,3),(515,'Paul P','','','',16,0,3),(516,'Joey P','','','',16,0,3),(517,'Quinzi 1','','','',16,0,3),(518,'Quinzi 2','','','',16,0,3),(519,'Pictor1','','','',16,0,3),(520,'Pictor2','','','',16,0,3),(521,'Chris','Jacobus','Chris','cjacobus65@gmail.com',19,1,8),(522,'Bryan','Knatz','Bryan',NULL,19,0,8),(523,'Matt','Jacobus','Matt',NULL,19,0,8),(524,'William','Jacobus','Bill',NULL,19,0,8),(525,'Ben','Ezekiel','Ben',NULL,19,0,8),(526,'Aruna','Ezekiel','Aruna',NULL,19,0,8),(527,'Toby','Kinney','Toby',NULL,19,0,8),(528,'Jake','Liu','Jake',NULL,19,0,8),(529,'Bill','Bay','Bill',NULL,19,0,8),(530,'Logan','Blanco','Logan',NULL,19,0,8),(531,'Mike','Brooks','Mike',NULL,19,0,8),(532,'Kelly','Knapper','Kelly',NULL,19,0,8),(533,'Gregg','Layer','Gregg',NULL,19,0,8),(534,'Mike S1','','','',19,0,7),(535,'Mike S2','','','',19,0,7),(536,'Mike S3','','','',19,0,7),(537,'Zach S','','','',19,0,7),(538,'Bob W.','','','',19,0,7),(539,'Lori W','','','',19,0,7),(540,'Rob W. 1','','','',19,0,7),(541,'Rob W. 2','','','',19,0,7),(542,'Ryan W.','','','',19,0,7),(543,'Conroy1','','','',19,0,7),(544,'Binder','','','',19,0,7),(545,'Conroy2','','','',19,0,7),(546,'Jason Rider','','','',19,0,7),(547,'Ron Kuhn 1','','','',19,0,7),(548,'Ron Kuhn 2','','','',19,0,7),(549,'Dennis Farrell','','','',19,0,7),(550,'Paul Presutti','','','',19,0,7),(551,'CJ1','','','',19,0,7),(552,'CJ2','','','',19,0,7),(553,'Greg M1','','','',19,0,7),(554,'Greg M2','','','',19,0,7),(555,'Harry 1','','','',19,0,7),(556,'Harry 2','','','',19,0,7),(557,'Harry 3','','','',19,0,7),(558,'Ben H 1','','','',19,0,7),(559,'Ben H 2','','','',19,0,7),(560,'Stan 1','','','',19,0,7),(561,'Stan 2','','','',19,0,7),(562,'Bob Pic','','','',19,0,7),(563,'Pic Girls','','','',19,0,7),(564,'Matt B 1','','','',19,0,7),(565,'Matt B 2','','','',19,0,7),(566,'Matt B 3','','','',19,0,7),(567,'Matt B 4','','','',19,0,7),(568,'Dave Z','','','',19,0,7),(569,'JIMS1','','','',19,0,7),(570,'JIMS2','','','',19,0,7),(571,'MAHOMEY','','','',19,0,7),(572,'AROD','','','',19,0,7),(573,'PKO','','','',19,0,7),(574,'PG1','','','',19,0,7),(575,'PG2','','','',19,0,7),(576,'Blivit','','','',19,0,7),(577,'Chris','Jacobus','Chris','cjacobus65@gmail.com',20,1,9),(578,'Ben','Ezekiel','Ben','',20,0,9),(579,'Jake','Liu','Jake','',20,0,9),(580,'William','Jacobus','William','',20,0,9),(581,'Matt','Jacobus','Matt','',20,0,9),(582,'Mike','Brooks','Mike','',20,0,9),(583,'Toby','Kinney','Toby','',20,0,9),(584,'Aruna','Ezekiel','Aruna','',20,0,9),(585,'Kelly','Knapper','Kelly','',20,0,9),(586,'Bryan','Knatz','Bryan','',20,0,9),(587,'Logan','Blanco','Logan','',20,0,9),(588,'Mike S1','','','',20,0,10),(589,'Mike S2','','','',20,0,10),(590,'Mike S3','','','',20,0,10),(591,'Zach S','','','',20,0,10),(592,'Ron Kuhn 1','','','',20,0,10),(593,'Ron Kuhn 2','','','',20,0,10),(594,'Jacobus1','','','',20,1,10),(595,'Jacobus2','','','',20,1,10),(596,'Bob W','','','',20,0,10),(597,'Rob W.','','','',20,0,10),(598,'Lori W.','','','',20,0,10),(599,'Ryan W.','','','',20,0,10),(600,'conroy1','','','',20,0,10),(601,'conroy2','','','',20,0,10),(602,'binder1','','','',20,0,10),(603,'Pic winner','','','',20,0,10),(604,'Pic girls','','','',20,0,10),(605,'Harry 1','','','',20,0,10),(606,'Harry 2','','','',20,0,10),(607,'Harry 3','','','',20,0,10),(608,'Stan 1','','','',20,0,10),(609,'Stan 2','','','',20,0,10),(610,'Ben H1','','','',20,0,10),(611,'B Maloney','','','',20,0,10),(612,'Robbie','','','',20,0,10),(613,'Brandon','','','',20,0,10),(614,'Mahomey','','','',20,0,10),(615,'Scoops','','','',20,0,10),(616,'Jim S1','','','',20,0,10),(617,'Jim S2','','','',20,0,10),(618,'Matt B 1','','','',20,0,10),(619,'Matt B 2','','','',20,0,10),(620,'Matt B 3','','','',20,0,10),(621,'Dave Z','','','',20,0,10),(622,'Pat Z','','','',20,0,10),(623,'Blivit','','','',20,0,10),(624,'Arod','','','',20,0,10),(625,'CPASCAL1','','','',20,0,10),(626,'CPASCAL2','','','',20,0,10),(627,'CPASCAL3','','','',20,0,10),(628,'Chris','Jacobus','Chris','cjacobus65@gmail.com',21,1,11),(630,'Ben','Ezekiel','Ben',NULL,21,0,11),(631,'Jake','Liu','Jake',NULL,21,0,11),(632,'William','Jacobus','William',NULL,21,0,11),(633,'Matt','Jacobus','Matt',NULL,21,0,11),(634,'Mike','Brooks','Mike',NULL,21,0,11),(635,'Toby','Kinney','Toby',NULL,21,0,11),(636,'Aruna','Ezekiel','Aruna',NULL,21,0,11),(637,'Kelly','Knapper','Kelly',NULL,21,0,11),(638,'Bryan','Knatz','Bryan',NULL,21,0,11),(639,'Logan','Blanco','Logan',NULL,21,0,11),(644,'Bill','Bay','Bill','',21,0,11),(645,'Gregg','Layer','Gregg','',21,0,11),(646,'Gary','Roscoe','Gary','',21,0,11),(647,'Jev','Ezekiel','Jev','',21,0,11),(650,'Kian','Kian','Ezekiel','',21,0,11),(651,'Alex','Alex','Blanco','',21,0,11),(652,'John','John','Moses','',21,0,11),(653,'Danny','Danny','Moses','',21,0,11),(654,'Mike S1','','','',21,0,12),(655,'Mike S2','','','',21,0,12),(656,'Mike S3','','','',21,0,12),(657,'Zach S','','','',21,0,12),(658,'Ryan S','','','',21,0,12),(659,'Jacobus1','','','',21,1,12),(660,'Jacobus2','','','',21,1,12),(661,'Jacobus3','','','',21,1,12),(662,'Harry 1','','','',21,0,12),(663,'Harry 2','','','',21,0,12),(664,'Harry 3','','','',21,0,12),(665,'Stan 1','','','',21,0,12),(666,'Stan 2','','','',21,0,12),(667,'BH 1','','','',21,0,12),(668,'Ron Kuhn','','','',21,0,12),(669,'Rob W.','','','',21,0,12),(670,'Ryan W.','','','',21,0,12),(671,'Bob Pic','','','',21,0,12),(672,'Pic Girls','','','',21,0,12),(673,'Conroy1','','','',21,0,12),(674,'Conroy2','','','',21,0,12),(675,'Binder','','','',21,0,12),(676,'Blivit','','','',21,0,12),(677,'Dave Z','','','',21,0,12),(678,'Sean','','','',21,0,12),(679,'PKO','','','',21,0,12),(680,'Robbie','','','',21,0,12),(681,'TPG1','','','',21,0,12),(682,'Matt B 1','','','',21,0,12),(683,'Matt B 2','','','',21,0,12),(684,'Matt B 3','','','',21,0,12),(685,'Matt B 4','','','',21,0,12),(686,'Jim S1','','','',21,0,12),(687,'Jim S2','','','',21,0,12),(688,'Jim S3','','','',21,0,12),(689,'Scott','','','',21,0,12);
/*!40000 ALTER TABLE `user` ENABLE KEYS */;
UNLOCK TABLES;
/*!40103 SET TIME_ZONE=@OLD_TIME_ZONE */;

/*!40101 SET SQL_MODE=@OLD_SQL_MODE */;
/*!40014 SET FOREIGN_KEY_CHECKS=@OLD_FOREIGN_KEY_CHECKS */;
/*!40014 SET UNIQUE_CHECKS=@OLD_UNIQUE_CHECKS */;
/*!40101 SET CHARACTER_SET_CLIENT=@OLD_CHARACTER_SET_CLIENT */;
/*!40101 SET CHARACTER_SET_RESULTS=@OLD_CHARACTER_SET_RESULTS */;
/*!40101 SET COLLATION_CONNECTION=@OLD_COLLATION_CONNECTION */;
/*!40111 SET SQL_NOTES=@OLD_SQL_NOTES */;

-- Dump completed on 2022-01-28  9:08:44
